Id,Position,First Name,Nickname,Last Name,FPPG,Played,Salary,Game,Team,Opponent,Injury Indicator,Injury Details,Tier,Probable Pitcher,Batting Order,Roster Position
118238-119340,P,Tarik,Tarik Skubal,Skubal,43.3125,16,11000,ATH@DET,DET,ATH,,,,,,P
118238-101839,P,Logan,Logan Webb,Webb,40.35294117647059,17,11000,MIA@SF,SF,MIA,,,,,,P
118238-16960,P,Zack,Zack Wheeler,Wheeler,42.5625,16,10900,PHI@HOU,PHI,HOU,,,,,,P
118238-53029,P,Robbie,Robbie Ray,Ray,36.875,16,10500,MIA@SF,SF,MIA,,,,,,P
118238-198625,P,Yoshinobu,Yoshinobu Yamamoto,Yamamoto,35.75,16,10500,LAD@COL,LAD,COL,,,,,,P
118238-17064,P,Sonny,Sonny Gray,Gray,32.86666666666667,15,10300,CHC@STL,STL,CHC,,,,,,P
118238-52183,P,Tyler,Tyler Glasnow,Glasnow,21.2,5,10200,LAD@COL,LAD,COL,IL,Shoulder,,,,P
118238-146687,P,Hunter,Hunter Brown,Brown,42.333333333333336,15,10200,PHI@HOU,HOU,PHI,,,,Yes,,P
118238-83157,P,Ranger,Ranger Suarez,Suarez,39.9,10,10100,PHI@HOU,PHI,HOU,,,,,,P
118238-68488,P,Blake,Blake Snell,Snell,19.5,2,10000,LAD@COL,LAD,COL,IL,Shoulder,,,,P
118238-85599,P,Framber,Framber Valdez,Valdez,38.25,16,10000,PHI@HOU,HOU,PHI,,,,,,P
118238-102396,P,Logan,Logan Gilbert,Gilbert,34.375,8,10000,SEA@MIN,SEA,MIN,,,,,,P
118238-60647,P,Aaron,Aaron Nola,Nola,24.555555555555557,9,9900,PHI@HOU,PHI,HOU,IL,Ribs,,,,P
118238-185606,P,Gavin,Gavin Stone,Stone,28.4,25,9900,LAD@COL,LAD,COL,IL,Shoulder,,,,P
118238-83152,P,Pablo,Pablo Lopez,Lopez,31.818181818181817,11,9800,SEA@MIN,MIN,SEA,IL,Shoulder,,,,P
118238-102330,P,Kris,Kris Bubic,Bubic,38.06666666666667,15,9800,TB@KC,KC,TB,,,,,,P
118238-187194,P,Bryan,Bryan Woo,Woo,36,15,9600,SEA@MIN,SEA,MIN,,,,,,P
118238-118225,P,Cristopher,Cristopher Sanchez,Sanchez,35.333333333333336,15,9600,PHI@HOU,PHI,HOU,,,,Yes,,P
118238-53067,P,Chris,Chris Bassitt,Bassitt,31.375,16,9600,TOR@CLE,TOR,CLE,,,,,,P
118238-119430,P,Joe,Joe Ryan,Ryan,36.1875,16,9500,SEA@MIN,MIN,SEA,,,,,,P
118238-79280,P,Jesus,Jesus Luzardo,Luzardo,33.625,16,9500,PHI@HOU,PHI,HOU,,,,,,P
118238-135647,P,Ryan,Ryan Pepiot,Pepiot,33.1875,16,9400,TB@KC,TB,KC,,,,,,P
118238-198885,P,Spencer,Spencer Arrighetti,Arrighetti,22.5,2,9300,PHI@HOU,HOU,PHI,IL,Thumb,,,,P
118238-85253,P,Casey,Casey Mize,Mize,30.53846153846154,13,9300,ATH@DET,DET,ATH,DTD,Leg,,,,P
118238-79270,P,Cole,Cole Ragans,Ragans,31,10,9300,TB@KC,KC,TB,IL,Shoulder,,,,P
118238-63136,P,Matthew,Matthew Boyd,Boyd,32.875,16,9300,CHC@STL,CHC,STL,,,,,,P
118238-165551,P,Reese,Reese Olson,Olson,31.88888888888889,9,9300,ATH@DET,DET,ATH,IL,Finger,,,,P
118238-102407,P,Shane,Shane McClanahan,McClanahan,0,1,9200,TB@KC,TB,KC,IL,Triceps,,,,P
118238-135343,P,Max,Max Meyer,Meyer,27.833333333333332,12,9200,MIA@SF,MIA,SF,IL,Hip,,,,P
118238-82554,P,Shane,Shane Bieber,Bieber,58,5,9200,TOR@CLE,CLE,TOR,IL,Elbow,,,,P
118238-219697,P,Noah,Noah Cameron,Cameron,30.5,8,9100,TB@KC,KC,TB,,,,,,P
118238-52159,P,Lance,Lance McCullers Jr.,McCullers Jr.,24.428571428571427,7,9000,PHI@HOU,HOU,PHI,IL,Foot,,,,P
118238-38000,P,Kevin,Kevin Gausman,Gausman,29.066666666666666,15,9000,TOR@CLE,TOR,CLE,,,,Yes,,P
118238-60639,P,Jose,Jose Berrios,Berrios,29.6875,16,9000,TOR@CLE,TOR,CLE,,,,,,P
118238-16961,P,Jameson,Jameson Taillon,Taillon,26.8125,16,8900,CHC@STL,CHC,STL,,,,,,P
118238-82594,P,Dustin,Dustin May,May,27.642857142857142,14,8900,LAD@COL,LAD,COL,,,,,,P
118238-185501,P,Tanner,Tanner Bibee,Bibee,28.333333333333332,15,8900,TOR@CLE,CLE,TOR,,,,Yes,,P
118238-71034,P,Seth,Seth Lugo,Lugo,30.571428571428573,14,8900,TB@KC,KC,TB,,,,,,P
118238-79162,P,Luis,Luis Castillo,Castillo,27.8125,16,8800,SEA@MIN,SEA,MIN,,,,,,P
118238-179725,P,Luis,Luis Ortiz,Ortiz,29.666666666666668,15,8800,TOR@CLE,CLE,TOR,,,,,,P
118238-119414,P,George,George Kirby,Kirby,23.714285714285715,7,8700,SEA@MIN,SEA,MIN,,,,,,P
118238-164521,P,Brandon,Brandon Walter,Walter,31,4,8700,PHI@HOU,HOU,PHI,,,,,,P
118238-79246,P,Jack,Jack Flaherty,Flaherty,29.5,16,8700,ATH@DET,DET,ATH,,,,,,P
118238-181837,P,Ben,Ben Brown,Brown,24.0625,16,8700,CHC@STL,CHC,STL,,,,,,P
118238-102395,P,Ryan,Ryan Weathers,Weathers,24.4,5,8700,MIA@SF,MIA,SF,IL,Lat,,,,P
118238-5427,P,Clayton,Clayton Kershaw,Kershaw,22.285714285714285,7,8600,LAD@COL,LAD,COL,,,,Yes,,P
118238-102408,P,Matthew,Matthew Liberatore,Liberatore,28.266666666666666,15,8500,CHC@STL,STL,CHC,,,,,,P
118238-168872,P,Ronel,Ronel Blanco,Blanco,28.555555555555557,9,8500,PHI@HOU,HOU,PHI,IL,Elbow,,,,P
118238-37999,P,Michael,Michael Wacha,Wacha,28.25,16,8500,TB@KC,KC,TB,,,,,,P
118238-83166,P,Zack,Zack Littell,Littell,27.75,16,8500,TB@KC,TB,KC,,,,,,P
118238-146663,P,Slade,Slade Cecconi,Cecconi,29.571428571428573,7,8500,TOR@CLE,CLE,TOR,,,,,,P
118238-165698,P,Taj,Taj Bradley,Bradley,26.5625,16,8500,TB@KC,TB,KC,,,,,,P
118238-222787,P,Roki,Roki Sasaki,Sasaki,16.375,8,8400,LAD@COL,LAD,COL,IL,Shoulder,,,,P
118238-165518,P,Gavin,Gavin Williams,Williams,27.0625,16,8400,TOR@CLE,CLE,TOR,,,,,,P
118238-119361,P,Drew,Drew Rasmussen,Rasmussen,28.625,16,8300,TB@KC,TB,KC,,,,,,P
118238-193326,P,Jacob,Jacob Lopez,Lopez,24.636363636363637,11,8300,ATH@DET,ATH,DET,,,,,,P
118238-146717,P,Mick,Mick Abel,Abel,22.6,5,8300,PHI@HOU,PHI,HOU,,,,,,P
118238-79226,P,Eric,Eric Lauer,Lauer,21.727272727272727,11,8300,TOR@CLE,TOR,CLE,,,,,,P
118238-165636,P,Hayden,Hayden Wesneski,Wesneski,24.833333333333332,6,8300,PHI@HOU,HOU,PHI,IL,Elbow,,,,P
118238-198702,P,Shota,Shota Imanaga,Imanaga,27.5,8,8200,CHC@STL,CHC,STL,IL,Hamstring,,Yes,,P
118238-213198,P,Ryan,Ryan Gusto,Gusto,19,17,8200,PHI@HOU,HOU,PHI,,,,,,P
118238-209173,P,Zebby,Zebby Matthews,Matthews,26.25,4,8200,SEA@MIN,MIN,SEA,IL,Shoulder,,,,P
118238-203678,P,Hayden,Hayden Birdsong,Birdsong,16.941176470588236,17,8200,MIA@SF,SF,MIA,,,,Yes,,P
118238-165547,P,Jackson,Jackson Jobe,Jobe,22.7,10,8200,ATH@DET,DET,ATH,IL,Elbow,,,,P
118238-219662,P,Colton,Colton Gordon,Gordon,25.5,8,8100,PHI@HOU,HOU,PHI,,,,,,P
118238-82630,P,Shane,Shane Baz,Baz,27.266666666666666,15,8100,TB@KC,TB,KC,,,,Yes,,P
118238-60632,P,Kyle,Kyle Freeland,Freeland,21.428571428571427,14,8100,LAD@COL,COL,LAD,IL,Back,,,,P
118238-102343,P,Tony,Tony Gonsolin,Gonsolin,26.285714285714285,7,8100,LAD@COL,LAD,COL,IL,Elbow,,,,P
118238-110822,P,Jose,Jose Urquidy,Urquidy,0,1,8000,ATH@DET,DET,ATH,IL,Elbow,,,,P
118238-199728,P,Landen,Landen Roupp,Roupp,26.666666666666668,15,8000,MIA@SF,SF,MIA,,,,,,P
118238-146705,P,J.T.,J.T. Ginn,Ginn,19.166666666666668,6,8000,ATH@DET,ATH,DET,,,,,,P
118238-5481,P,Max,Max Scherzer,Scherzer,12,2,8000,TOR@CLE,TOR,CLE,,,,,,P
118238-194677,P,Easton,Easton Lucas,Lucas,21.4,5,7900,TOR@CLE,TOR,CLE,IL,Undisclosed,,,,P
118238-82599,P,Edward,Edward Cabrera,Cabrera,25.76923076923077,13,7900,MIA@SF,MIA,SF,,,,,,P
118238-85476,P,Jeffrey,Jeffrey Springs,Springs,26.375,16,7900,ATH@DET,ATH,DET,,,,Yes,,P
118238-198876,P,Cade,Cade Horton,Horton,23.375,8,7800,CHC@STL,CHC,STL,,,,,,P
118238-5202,P,Justin,Justin Verlander,Verlander,21.75,12,7800,MIA@SF,SF,MIA,,,,,,P
118238-52728,P,Michael,Michael Lorenzen,Lorenzen,24.666666666666668,16,7800,TB@KC,KC,TB,,,,Yes,,P
118238-64488,P,Colin,Colin Rea,Rea,19.375,16,7700,CHC@STL,CHC,STL,,,,,,P
118238-226322,P,Logan,Logan Evans,Evans,25.142857142857142,7,7700,SEA@MIN,SEA,MIN,,,,,,P
118238-60644,P,Luis,Luis Severino,Severino,22.58823529411765,17,7700,ATH@DET,ATH,DET,,,,,,P
118238-165689,P,Bryce,Bryce Miller,Miller,18.2,10,7700,SEA@MIN,SEA,MIN,IL,Elbow,,,,P
118238-135650,P,Landon,Landon Knack,Knack,20.11111111111111,9,7600,LAD@COL,LAD,COL,,,,,,P
118238-21097,P,Taijuan,Taijuan Walker,Walker,13.588235294117647,17,7600,PHI@HOU,PHI,HOU,,,,,,P
118238-165715,P,Gunnar,Gunnar Hoglund,Hoglund,17.833333333333332,6,7600,ATH@DET,ATH,DET,IL,Hip,,,,P
118238-145612,P,Bailey,Bailey Ober,Ober,23.3125,16,7500,SEA@MIN,MIN,SEA,,,,,,P
118238-119441,P,Alek,Alek Manoah,Manoah,27,6,7500,TOR@CLE,TOR,CLE,IL,Elbow,,,,P
118238-97300,P,John,John Means,Means,28,5,7500,TOR@CLE,CLE,TOR,IL,Elbow,,,,P
118238-79118,P,Triston,Triston McKenzie,McKenzie,2,4,7500,TOR@CLE,CLE,TOR,,,,,,P
118238-79224,P,Chris,Chris Paddack,Paddack,21.125,16,7500,SEA@MIN,MIN,SEA,,,,,,P
118238-165573,P,Alec,Alec Marsh,Marsh,24.423076923076923,26,7500,TB@KC,KC,TB,IL,Shoulder,,,,P
118238-204632,P,Tanner,Tanner Gordon,Gordon,22.333333333333332,3,7500,LAD@COL,COL,LAD,IL,Oblique,,,,P
118238-163685,P,JP,JP Sears,Sears,20.6875,16,7500,ATH@DET,ATH,DET,,,,,,P
118238-13123,P,Alex,Alex Cobb,Cobb,19.4,5,7400,ATH@DET,DET,ATH,IL,Hip,,,,P
118238-203679,P,Valente,Valente Bellozo,Bellozo,13.666666666666666,12,7400,MIA@SF,MIA,SF,,,,,,P
118238-203676,P,David,David Festa,Festa,19,7,7400,SEA@MIN,MIN,SEA,,,,,,P
118238-68564,P,Erick,Erick Fedde,Fedde,22.25,16,7400,CHC@STL,STL,CHC,,,,,,P
118238-60646,P,Ben,Ben Lively,Lively,20.555555555555557,9,7400,TOR@CLE,CLE,TOR,IL,Elbow,,,,P
118238-187769,P,Osvaldo,Osvaldo Bido,Bido,13.333333333333334,12,7400,ATH@DET,ATH,DET,,,,,,P
118238-161450,P,Janson,Janson Junk,Junk,24.333333333333332,6,7400,MIA@SF,MIA,SF,,,,Yes,,P
118238-204505,P,Justin,Justin Wrobleski,Wrobleski,23.666666666666668,6,7400,LAD@COL,LAD,COL,,,,,,P
118238-102528,P,Simeon,Simeon Woods Richardson,Woods Richardson,20.363636363636363,11,7300,SEA@MIN,MIN,SEA,,,,Yes,,P
118238-178415,P,Javier,Javier Assad,Assad,24,29,7300,CHC@STL,CHC,STL,IL,Oblique,,,,P
118238-185490,P,Logan,Logan Allen,Allen,20.933333333333334,15,7300,TOR@CLE,CLE,TOR,,,,,,P
118238-79245,P,Sandy,Sandy Alcantara,Alcantara,18.266666666666666,15,7300,MIA@SF,MIA,SF,,,,,,P
118238-197766,P,Keider,Keider Montero,Montero,21.09090909090909,11,7200,ATH@DET,DET,ATH,,,,,,P
118238-81490,P,Chris,Chris Flexen,Flexen,9.214285714285714,14,7200,CHC@STL,CHC,STL,,,,,,P
118238-81594,P,Dietrich,Dietrich Enns,Enns,,0,7200,ATH@DET,DET,ATH,,,,Yes,,P
118238-135268,P,Emerson,Emerson Hancock,Hancock,20.53846153846154,13,7100,SEA@MIN,SEA,MIN,,,,Yes,,P
118238-197914,P,Nick,Nick Frasso,Frasso,0,2,7100,LAD@COL,LAD,COL,,,,,,P
118238-101810,P,Justin,Justin Steele,Steele,29.25,4,7100,CHC@STL,CHC,STL,IL,Elbow,,,,P
118238-135212,P,Luis,Luis Garcia,Garcia,0,1,7000,PHI@HOU,HOU,PHI,IL,Elbow,,,,P
118238-17121,P,Miles,Miles Mikolas,Mikolas,21.2,15,7000,CHC@STL,STL,CHC,,,,,,P
118238-168950,P,Andre,Andre Pallante,Pallante,23.466666666666665,15,7000,CHC@STL,STL,CHC,,,,Yes,,P
118238-208032,P,Brant,Brant Hurter,Hurter,9.173913043478262,24,7000,ATH@DET,DET,ATH,,,,,,P
118238-79076,P,Kolby,Kolby Allard,Allard,8.461538461538462,13,7000,TOR@CLE,CLE,TOR,,,,,,P
118238-161465,P,Ryan,Ryan Feltner,Feltner,21,6,7000,LAD@COL,COL,LAD,IL,Back,,,,P
118238-163698,P,Bowden,Bowden Francis,Francis,17.785714285714285,14,7000,TOR@CLE,TOR,CLE,IL,Shoulder,,,,P
118238-102335,P,Cristian,Cristian Javier,Javier,24.285714285714285,8,7000,PHI@HOU,HOU,PHI,IL,Elbow,,,,P
118238-165599,P,Eury,Eury Perez,Perez,14.666666666666666,3,6900,MIA@SF,MIA,SF,,,,,,P
118238-102569,P,Michael,Michael Mercado,Mercado,2,3,6800,PHI@HOU,PHI,HOU,,,,,,P
118238-198886,P,Chase,Chase Dollander,Dollander,17.846153846153847,13,6800,LAD@COL,COL,LAD,,,,,,P
118238-198934,P,Yariel,Yariel Rodriguez,Rodriguez,6.1875,32,6800,TOR@CLE,TOR,CLE,,,,,,P
118238-53608,P,Jose,Jose Urena,Urena,5.777777777777778,9,6800,SEA@MIN,MIN,SEA,,,,,,P
118238-119411,P,Joey,Joey Cantillo,Cantillo,7.761904761904762,21,6800,TOR@CLE,CLE,TOR,,,,,,P
118238-60637,P,Sean,Sean Newcomb,Newcomb,13.631578947368421,19,6800,ATH@DET,ATH,DET,,,,,,P
118238-79133,P,Matt,Matt Manning,Manning,21.4,5,6800,ATH@DET,DET,ATH,,,,,,P
118238-79228,P,Cal,Cal Quantrill,Quantrill,16.6,15,6800,MIA@SF,MIA,SF,,,,,,P
118238-198353,P,Mitch,Mitch Spence,Spence,10.115384615384615,26,6800,ATH@DET,ATH,DET,,,,,,P
118238-164529,P,Jordan,Jordan Wicks,Wicks,3,2,6700,CHC@STL,CHC,STL,,,,,,P
118238-68518,P,Spencer,Spencer Turnbull,Turnbull,7.333333333333333,3,6700,TOR@CLE,TOR,CLE,,,,,,P
118238-165694,P,Michael,Michael McGreevy,McGreevy,22,4,6700,CHC@STL,STL,CHC,,,,,,P
118238-102333,P,Daniel,Daniel Lynch IV,Lynch IV,4.914285714285715,35,6600,TB@KC,KC,TB,,,,,,P
118238-194697,P,Sawyer,Sawyer Gipson-Long,Gipson-Long,16.25,4,6500,ATH@DET,DET,ATH,,,,,,P
118238-102574,P,Jake,Jake Woodford,Woodford,10.444444444444445,9,6500,CHC@STL,CHC,STL,,,,,,P
118238-135648,P,Bobby,Bobby Miller,Miller,7.5,2,6500,LAD@COL,LAD,COL,,,,,,P
118238-12936,P,Kyle,Kyle Gibson,Gibson,-0.5,4,6500,TB@KC,TB,KC,,,,,,P
118238-68452,P,Kenta,Kenta Maeda,Maeda,3.857142857142857,7,6500,CHC@STL,CHC,STL,,,,,,P
118238-209846,P,Ben,Ben Casparius,Casparius,11.958333333333334,24,6500,LAD@COL,LAD,COL,,,,,,P
118238-52174,P,Steven,Steven Matz,Matz,9.73913043478261,23,6500,CHC@STL,STL,CHC,,,,,,P
118238-181805,P,J.P.,J.P. France,France,15.8,6,6500,PHI@HOU,HOU,PHI,IL,Shoulder,,,,P
118238-165634,P,Ken,Ken Waldichuk,Waldichuk,0,1,6500,ATH@DET,ATH,DET,IL,Elbow,,,,P
118238-102378,P,Matt,Matt Sauer,Sauer,11.555555555555555,9,6500,LAD@COL,LAD,COL,,,,,,P
118238-102456,P,Jhonathan,Jhonathan Diaz,Diaz,7,1,6400,SEA@MIN,SEA,MIN,,,,,,P
118238-194939,P,Joe,Joe Boyle,Boyle,42,1,6400,TB@KC,TB,KC,,,,,,P
118238-219695,P,Luinder,Luinder Avila,Avila,,0,6400,TB@KC,KC,TB,IL,Shoulder,,,,P
118238-164504,P,Joey,Joey Estes,Estes,0,2,6400,ATH@DET,ATH,DET,,,,,,P
118238-79147,P,Jakob,Jakob Junis,Junis,4.580645161290323,31,6400,TOR@CLE,CLE,TOR,,,,,,P
118238-181794,P,Hogan,Hogan Harris,Harris,7.416666666666667,24,6400,ATH@DET,ATH,DET,,,,,,P
118238-187967,P,Emmet,Emmet Sheehan,Sheehan,27,1,6400,LAD@COL,LAD,COL,,,,,,P
118238-52998,P,Aaron,Aaron Brooks,Brooks,15.8,5,6400,ATH@DET,ATH,DET,,,,,,P
118238-102416,P,Tyler,Tyler Phillips,Phillips,4.964285714285714,28,6300,MIA@SF,MIA,SF,,,,,,P
118238-73880,P,German,German Marquez,Marquez,17.8125,17,6300,LAD@COL,COL,LAD,,,,,,P
118238-208114,P,Connor,Connor Gillispie,Gillispie,12,6,6300,SEA@MIN,MIN,SEA,,,,,,P
118238-82636,P,Joey,Joey Lucchesi,Lucchesi,0.75,4,6200,MIA@SF,SF,MIA,,,,,,P
118238-197871,P,Bradley,Bradley Blalock,Blalock,0.6,5,6200,LAD@COL,COL,LAD,,,,,,P
118238-181823,P,Keaton,Keaton Winn,Winn,17.666666666666668,12,6200,MIA@SF,SF,MIA,IL,Undisclosed,,,,P
118238-165546,P,Ty,Ty Madden,Madden,13.142857142857142,7,6200,ATH@DET,DET,ATH,IL,Shoulder,,,,P
118238-202480,P,Adam,Adam Mazur,Mazur,20,1,6200,MIA@SF,MIA,SF,,,,,,P
118238-104584,P,Zach,Zach Plesac,Plesac,9.333333333333334,3,6100,CHC@STL,STL,CHC,,,,,,P
118238-83098,P,Austin,Austin Gomber,Gomber,7,2,6100,LAD@COL,COL,LAD,,,,Yes,,P
118238-156976,P,Darren,Darren McCaughan,McCaughan,10.333333333333334,3,6100,SEA@MIN,MIN,SEA,,,,,,P
118238-68517,P,Antonio,Antonio Senzatela,Senzatela,12.875,16,6000,LAD@COL,COL,LAD,,,,,,P
118238-101804,P,Huascar,Huascar Ynoa,Ynoa,0,2,6000,SEA@MIN,MIN,SEA,,,,,,P
118238-226881,P,Carson,Carson Palmquist,Palmquist,11.428571428571429,7,6000,LAD@COL,COL,LAD,,,,,,P
118238-165720,P,Ricky,Ricky Tiedemann,Tiedemann,,0,6000,TOR@CLE,TOR,CLE,IL,Elbow,,,,P
118238-102342,P,Michael,Michael Grove,Grove,6.325,40,6000,LAD@COL,LAD,COL,IL,Shoulder,,,,P
118238-102446,P,Tristan,Tristan Beck,Beck,7.5,6,5900,MIA@SF,SF,MIA,,,,,,P
118238-203266,P,Jake,Jake Bloss,Bloss,13.666666666666666,3,5900,TOR@CLE,TOR,CLE,IL,Elbow,,,,P
118238-199224,P,Mason,Mason Black,Black,14.444444444444445,9,5900,MIA@SF,SF,MIA,,,,,,P
118238-79072,P,Brad,Brad Keller,Keller,6.363636363636363,33,5900,CHC@STL,CHC,STL,,,,,,P
118238-179456,P,Louis,Louis Varland,Varland,5.72972972972973,38,5900,SEA@MIN,MIN,SEA,,,,,,P
118238-197907,P,Brady,Brady Basso,Basso,14.857142857142858,7,5900,ATH@DET,ATH,DET,IL,Shoulder,,,,P
118238-161167,P,Glenn,Glenn Otto,Otto,0,1,5900,PHI@HOU,HOU,PHI,IL,Shoulder,,,,P
118238-177584,P,Xzavion,Xzavion Curry,Curry,2,3,5900,MIA@SF,MIA,SF,,,,,,P
118238-181832,P,Roddery,Roddery Munoz,Munoz,3.8333333333333335,6,5900,CHC@STL,STL,CHC,,,,,,P
118238-181845,P,Drew,Drew Rom,Rom,0,2,5900,CHC@STL,STL,CHC,IL,Undisclosed,,,,P
118238-52873,P,Joe,Joe Ross,Ross,5.52,26,5900,PHI@HOU,PHI,HOU,,,,,,P
118238-169742,P,Tyler,Tyler Holton,Holton,5.09375,33,5900,ATH@DET,DET,ATH,,,,,,P
118238-163675,P,Noah,Noah Davis,Davis,6.666666666666667,4,5900,LAD@COL,LAD,COL,,,,,,P
118238-158858,P,Justin,Justin Bruihl,Bruihl,10,2,5800,TOR@CLE,TOR,CLE,,,,,,P
118238-135208,P,Shawn,Shawn Dubin,Dubin,6.555555555555555,18,5700,PHI@HOU,HOU,PHI,IL,Forearm,,,,P
118238-145610,P,Angel,Angel Zerpa,Zerpa,4.757575757575758,33,5700,TB@KC,KC,TB,,,,,,P
118238-119423,P,Zack,Zack Thompson,Thompson,11.4,7,5700,CHC@STL,STL,CHC,IL,Lat,,,,P
118238-119431,P,Seth,Seth Johnson,Johnson,3,1,5700,PHI@HOU,PHI,HOU,,,,,,P
118238-82573,P,Alex,Alex Faedo,Faedo,8.054054054054054,37,5700,TB@KC,TB,KC,IL,Shoulder,,,,P
118238-213867,P,Blas,Blas Castano,Castano,3,1,5700,SEA@MIN,SEA,MIN,,,,,,P
118238-79079,P,Joey,Joey Wentz,Wentz,5.130434782608695,23,5700,SEA@MIN,MIN,SEA,,,,,,P
118238-79126,P,Forrest,Forrest Whitley,Whitley,1.5,9,5700,TB@KC,TB,KC,,,,,,P
118238-102297,P,Keegan,Keegan Thompson,Thompson,8.363636363636363,24,5700,CHC@STL,CHC,STL,,,,,,P
118238-195151,P,Anthony,Anthony Veneziano,Veneziano,3.75,24,5600,MIA@SF,MIA,SF,,,,,,P
118238-102405,P,Sean,Sean Hjelle,Hjelle,5.625,8,5500,MIA@SF,SF,MIA,,,,,,P
118238-114708,P,Randy,Randy Dobnak,Dobnak,16,1,5500,SEA@MIN,MIN,SEA,,,,,,P
118238-135191,P,Josh,Josh Fleming,Fleming,4.541666666666667,25,5500,SEA@MIN,SEA,MIN,,,,,,P
118238-79895,P,Miguel,Miguel Diaz,Diaz,3,1,5500,MIA@SF,SF,MIA,,,,,,P
118238-102426,P,Adam,Adam Kloffenstein,Kloffenstein,3,1,5500,TOR@CLE,TOR,CLE,,,,,,P
118238-102428,P,Eric,Eric Pardinho,Pardinho,,0,5500,TOR@CLE,TOR,CLE,,,,,,P
118238-161827,P,Seth,Seth Martinez,Martinez,5.0227272727272725,44,5500,MIA@SF,MIA,SF,,,,,,P
118238-155687,P,Andrew,Andrew Wantz,Wantz,10,1,5500,TB@KC,TB,KC,IL,Elbow,,,,P
118238-102442,P,Freddy,Freddy Tarnok,Tarnok,7.5,2,5500,MIA@SF,MIA,SF,,,,,,P
118238-102448,P,Brenan,Brenan Hanifee,Hanifee,4.9411764705882355,34,5500,ATH@DET,DET,ATH,,,,,,P
118238-192574,P,Lane,Lane Ramsey,Ramsey,,0,5500,MIA@SF,MIA,SF,,,,,,P
118238-172092,P,Garrett,Garrett Hill,Hill,0,1,5500,SEA@MIN,SEA,MIN,,,,,,P
118238-102469,P,Ben,Ben Bowden,Bowden,,0,5500,ATH@DET,ATH,DET,,,,,,P
118238-102474,P,Eli,Eli Morgan,Morgan,0.5714285714285714,7,5500,CHC@STL,CHC,STL,IL,Elbow,,,,P
118238-102479,P,Lincoln,Lincoln Henzman,Henzman,,0,5500,ATH@DET,ATH,DET,,,,,,P
118238-135253,P,Alex,Alex Vesia,Vesia,5.512820512820513,39,5500,LAD@COL,LAD,COL,,,,,,P
118238-102489,P,Carlos,Carlos Hernandez,Hernandez,4.5,28,5500,ATH@DET,DET,ATH,,,,,,P
118238-135262,P,Anthony,Anthony Misiewicz,Misiewicz,6,1,5500,SEA@MIN,MIN,SEA,,,,,,P
118238-102501,P,Braydon,Braydon Fisher,Fisher,7.105263157894737,19,5500,TOR@CLE,TOR,CLE,,,,,,P
118238-102503,P,John,John Rooney,Rooney,,0,5500,MIA@SF,MIA,SF,,,,,,P
118238-102505,P,Edwin,Edwin Uceta,Uceta,5.4411764705882355,34,5500,TB@KC,TB,KC,,,,,,P
118238-116847,P,Cole,Cole Sulser,Sulser,6,13,5500,TB@KC,TB,KC,,,,,,P
118238-194675,P,Luke,Luke Little,Little,-1,1,5500,CHC@STL,CHC,STL,,,,,,P
118238-102517,P,Jhoan,Jhoan Duran,Duran,6.184210526315789,38,5500,SEA@MIN,MIN,SEA,,,,,,P
118238-135289,P,Kodi,Kodi Whitley,Whitley,,0,5500,TB@KC,TB,KC,IL,Undisclosed,,,,P
118238-116868,P,Gabe,Gabe Speier,Speier,5.647058823529412,34,5500,SEA@MIN,SEA,MIN,,,,,,P
118238-135303,P,Jordan,Jordan Weems,Weems,3.575,41,5500,PHI@HOU,HOU,PHI,,,,,,P
118238-135306,P,Cole,Cole Wilcox,Wilcox,,0,5500,TB@KC,TB,KC,,,,,,P
118238-114827,P,John,John Schreiber,Schreiber,4.818181818181818,35,5500,TB@KC,KC,TB,,,,,,P
118238-135304,P,Tyler,Tyler Baum,Baum,,0,5500,ATH@DET,ATH,DET,,,,,,P
118238-102543,P,Connor,Connor Seabold,Seabold,10.666666666666666,3,5500,TB@KC,TB,KC,,,,,,P
118238-135313,P,Nick,Nick Sandlin,Sandlin,4.769230769230769,13,5500,TOR@CLE,TOR,CLE,,,,,,P
118238-102549,P,Andres,Andres Munoz,Munoz,7.166666666666667,30,5500,SEA@MIN,SEA,MIN,,,,,,P
118238-102558,P,Gregory,Gregory Santos,Santos,1.875,8,5500,SEA@MIN,SEA,MIN,IL,Knee,,,,P
118238-102560,P,Camilo,Camilo Doval,Doval,5.162162162162162,37,5500,MIA@SF,SF,MIA,,,,,,P
118238-80034,P,Jose,Jose Alvarado,Alvarado,7.05,20,5500,PHI@HOU,PHI,HOU,NA,Suspension,,,,P
118238-102565,P,Mason,Mason Englert,Englert,8.083333333333334,13,5500,TB@KC,TB,KC,,,,,,P
118238-145591,P,Eduard,Eduard Bazardo,Bazardo,5.6,35,5500,SEA@MIN,SEA,MIN,,,,,,P
118238-209078,P,Max,Max Lazar,Lazar,6,9,5500,PHI@HOU,PHI,HOU,,,,,,P
118238-102587,P,Jordan,Jordan Balazovic,Balazovic,,0,5500,ATH@DET,DET,ATH,,,,,,P
118238-145593,P,Carlos,Carlos Vargas,Vargas,5.085714285714285,35,5500,SEA@MIN,SEA,MIN,,,,,,P
118238-135358,P,Dylan,Dylan File,File,,0,5500,SEA@MIN,SEA,MIN,,,,,,P
118238-102590,P,Joey,Joey Gerber,Gerber,,0,5500,TB@KC,TB,KC,,,,,,P
118238-135361,P,Nabil,Nabil Crismatt,Crismatt,7.8,5,5500,PHI@HOU,PHI,HOU,,,,,,P
118238-145609,P,Peter,Peter Solomon,Solomon,,0,5500,CHC@STL,CHC,STL,,,,,,P
118238-194770,P,Nick,Nick Hernandez,Hernandez,3,2,5500,PHI@HOU,HOU,PHI,,,,,,P
118238-145620,P,Helcris,Helcris Olivarez,Olivarez,,0,5500,MIA@SF,SF,MIA,,,,,,P
118238-145627,P,Lucas,Lucas Gilbreath,Gilbreath,-7.5,3,5500,LAD@COL,COL,LAD,,,,,,P
118238-209116,P,Troy,Troy Taylor,Taylor,-0.14285714285714285,8,5500,SEA@MIN,SEA,MIN,,,,,,P
118238-149731,P,Anthony,Anthony Bender,Bender,4.606060606060606,33,5500,MIA@SF,MIA,SF,,,,,,P
118238-205032,P,Daniel,Daniel Robert,Robert,2.5,2,5500,PHI@HOU,PHI,HOU,,,,,,P
118238-198896,P,Noble,Noble Meyer,Meyer,,0,5500,MIA@SF,MIA,SF,IL,Undisclosed,,,,P
118238-198915,P,Luis,Luis Morales,Morales,,0,5500,ATH@DET,ATH,DET,,,,,,P
118238-194816,P,Kyle,Kyle Hurt,Hurt,8.666666666666666,5,5500,LAD@COL,LAD,COL,IL,Elbow,,,,P
118238-198919,P,Robby,Robby Snelling,Snelling,,0,5500,MIA@SF,MIA,SF,,,,,,P
118238-198920,P,Dylan,Dylan Lesko,Lesko,,0,5500,TB@KC,TB,KC,,,,,,P
118238-225549,P,Patrick,Patrick Monteverde,Monteverde,11,1,5500,MIA@SF,MIA,SF,,,,,,P
118238-65817,P,Scott,Scott McGough,McGough,3.5,7,5500,ATH@DET,ATH,DET,,,,,,P
118238-198938,P,Carson,Carson Whisenhunt,Whisenhunt,,0,5500,MIA@SF,SF,MIA,,,,,,P
118238-198936,P,Tekoah,Tekoah Roby,Roby,,0,5500,CHC@STL,STL,CHC,,,,,,P
118238-157997,P,Sean,Sean Guenther,Guenther,4.111111111111111,9,5500,ATH@DET,DET,ATH,IL,Undisclosed,,,,P
118238-203074,P,Spencer,Spencer Bivens,Bivens,6.92,25,5500,MIA@SF,SF,MIA,,,,,,P
118238-211265,P,Seth,Seth Halvorsen,Halvorsen,4.4375,32,5500,LAD@COL,COL,LAD,,,,,,P
118238-182597,P,Shintaro,Shintaro Fujinami,Fujinami,0,3,5500,SEA@MIN,SEA,MIN,,,,,,P
118238-170324,P,Brandon,Brandon Hughes,Hughes,4.533333333333333,15,5500,CHC@STL,CHC,STL,,,,,,P
118238-135525,P,Adam,Adam Seminaris,Seminaris,,0,5500,SEA@MIN,SEA,MIN,,,,,,P
118238-135530,P,Brett,Brett de Geus,de Geus,3,1,5500,PHI@HOU,PHI,HOU,,,,,,P
118238-153961,P,Tayler,Tayler Saucedo,Saucedo,2,4,5500,SEA@MIN,SEA,MIN,,,,,,P
118238-225667,P,Cade,Cade Gibson,Gibson,6.875,16,5500,MIA@SF,MIA,SF,,,,,,P
118238-225666,P,Paxton,Paxton Schultz,Schultz,11.5,10,5500,TOR@CLE,TOR,CLE,,,,,,P
118238-225665,P,Sauryn,Sauryn Lao,Lao,14,1,5500,SEA@MIN,SEA,MIN,,,,,,P
118238-225671,P,Zach,Zach Agnos,Agnos,3.05,20,5500,LAD@COL,COL,LAD,,,,,,P
118238-158134,P,Stephen,Stephen Ridings,Ridings,,0,5500,LAD@COL,LAD,COL,,,,,,P
118238-219586,P,Ian,Ian Seymour,Seymour,18,1,5500,TB@KC,TB,KC,,,,,,P
118238-80346,P,Giovanny,Giovanny Gallegos,Gallegos,4.842105263157895,21,5500,LAD@COL,LAD,COL,IL,Undisclosed,,,,P
118238-182750,P,Andrew,Andrew Painter,Painter,,0,5500,PHI@HOU,PHI,HOU,,,,,,P
118238-145918,P,Will,Will Vest,Vest,6.909090909090909,33,5500,ATH@DET,DET,ATH,,,,,,P
118238-145916,P,Zach,Zach Pop,Pop,5.333333333333333,3,5500,SEA@MIN,SEA,MIN,,,,,,P
118238-119298,P,Luis,Luis Frias,Frias,1.8181818181818181,11,5500,TOR@CLE,CLE,TOR,,,,,,P
118238-119315,P,Kohl,Kohl Franklin,Franklin,,0,5500,CHC@STL,CHC,STL,IL,Elbow,,,,P
118238-219665,P,Matt,Matt Svanson,Svanson,6.7272727272727275,11,5500,CHC@STL,STL,CHC,,,,,,P
118238-119319,P,Ryan,Ryan Jensen,Jensen,,0,5500,SEA@MIN,MIN,SEA,,,,,,P
118238-170527,P,Jason,Jason Alexander,Alexander,6.2,5,5500,PHI@HOU,HOU,PHI,,,,,,P
118238-191007,P,Declan,Declan Cronin,Cronin,6.125,56,5500,MIA@SF,MIA,SF,,,,,,P
118238-119328,P,Packy,Packy Naughton,Naughton,0,2,5500,CHC@STL,STL,CHC,IL,Elbow,,,,P
118238-119331,P,Daniel,Daniel Espino,Espino,0,3,5500,TOR@CLE,CLE,TOR,IL,Shoulder,,,,P
118238-119336,P,Karl,Karl Kauffmann,Kauffmann,0,1,5500,LAD@COL,COL,LAD,,,,,,P
118238-119339,P,Tyler,Tyler Ivey,Ivey,,0,5500,PHI@HOU,HOU,PHI,,,,,,P
118238-119347,P,Jonathan,Jonathan Bowlan,Bowlan,6,12,5500,TB@KC,KC,TB,,,,,,P
118238-219696,P,Eric,Eric Cerantola,Cerantola,,0,5500,TB@KC,KC,TB,,,,,,P
118238-219703,P,Travis,Travis Adams,Adams,,0,5500,SEA@MIN,MIN,SEA,,,,,,P
118238-178743,P,Nicholas,Nicholas Padilla,Padilla,,0,5500,PHI@HOU,PHI,HOU,,,,,,P
118238-219702,P,Marco,Marco Raya,Raya,,0,5500,SEA@MIN,MIN,SEA,,,,,,P
118238-219701,P,Franco,Franco Aleman,Aleman,,0,5500,TOR@CLE,CLE,TOR,,,,,,P
118238-219707,P,Jean,Jean Cabrera,Cabrera,,0,5500,PHI@HOU,PHI,HOU,,,,,,P
118238-219706,P,Carson,Carson Seymour,Seymour,,0,5500,MIA@SF,SF,MIA,,,,,,P
118238-219705,P,Moises,Moises Chace,Chace,,0,5500,PHI@HOU,PHI,HOU,IL,Elbow,,,,P
118238-119359,P,Ethan,Ethan Small,Small,0,2,5500,MIA@SF,SF,MIA,IL,Undisclosed,,,,P
118238-119358,P,Antoine,Antoine Kelly,Kelly,0,1,5500,LAD@COL,COL,LAD,,,,,,P
118238-219708,P,Carson,Carson Ragsdale,Ragsdale,,0,5500,MIA@SF,SF,MIA,,,,,,P
118238-119367,P,Matt,Matt Canterino,Canterino,0,1,5500,SEA@MIN,MIN,SEA,IL,Shoulder,,,,P
118238-72265,P,Matt,Matt Strahm,Strahm,4.914285714285715,35,5500,PHI@HOU,PHI,HOU,,,,,,P
118238-139851,P,Justin,Justin Topa,Topa,4.285714285714286,28,5500,SEA@MIN,MIN,SEA,,,,,,P
118238-219722,P,Jack,Jack Dreyer,Dreyer,6.645161290322581,31,5500,LAD@COL,LAD,COL,,,,,,P
118238-219730,P,Chase,Chase Lee,Lee,6.857142857142857,21,5500,ATH@DET,DET,ATH,,,,,,P
118238-219729,P,Tyler,Tyler Mattison,Mattison,,0,5500,ATH@DET,DET,ATH,IL,Elbow,,,,P
118238-219728,P,Tyler,Tyler Owens,Owens,4.5,2,5500,ATH@DET,DET,ATH,,,,,,P
118238-150107,P,Tommy,Tommy Nance,Nance,4.65,20,5500,TOR@CLE,TOR,CLE,,,,,,P
118238-119392,P,Josh,Josh Wolf,Wolf,,0,5500,MIA@SF,SF,MIA,,,,,,P
118238-82535,P,Kyle,Kyle Wright,Wright,0,1,5500,TB@KC,KC,TB,,,,,,P
118238-21096,P,Erasmo,Erasmo Ramirez,Ramirez,7.3076923076923075,13,5500,SEA@MIN,MIN,SEA,IL,Shoulder,,,,P
118238-119403,P,Erik,Erik Miller,Miller,4.8125,33,5500,MIA@SF,SF,MIA,,,,,,P
118238-162419,P,Matt,Matt Brash,Brash,5.3125,16,5500,SEA@MIN,SEA,MIN,,,,,,P
118238-82547,P,Thomas,Thomas Hatch,Hatch,,0,5500,TB@KC,KC,TB,,,,,,P
118238-82549,P,Brendon,Brendon Little,Little,7.194444444444445,37,5500,TOR@CLE,TOR,CLE,,,,,,P
118238-82548,P,Alex,Alex Lange,Lange,4.380952380952381,21,5500,ATH@DET,DET,ATH,IL,Lat,,,,P
118238-70271,P,Carlos,Carlos Estevez,Estevez,5.242424242424242,33,5500,TB@KC,KC,TB,,,,,,P
118238-82564,P,Yency,Yency Almonte,Almonte,5.588235294117647,17,5500,CHC@STL,CHC,STL,IL,Shoulder,,,,P
118238-119433,P,JJ,JJ Goss,Goss,,0,5500,TB@KC,TB,KC,,,,,,P
118238-119435,P,Riley,Riley O'Brien,O'Brien,5.181818181818182,11,5500,CHC@STL,STL,CHC,,,,,,P
118238-203415,P,Bryan,Bryan King,King,5.6,35,5500,PHI@HOU,HOU,PHI,,,,,,P
118238-164500,P,Ryan,Ryan Cusick,Cusick,,0,5500,PHI@HOU,PHI,HOU,,,,,,P
118238-119451,P,Matt,Matt Cronin,Cronin,,0,5500,SEA@MIN,SEA,MIN,IL,Undisclosed,,,,P
118238-164510,P,Victor,Victor Vodnik,Vodnik,5.136363636363637,22,5500,LAD@COL,COL,LAD,,,,,,P
118238-203420,P,Austin,Austin Kitchen,Kitchen,0,4,5500,SEA@MIN,SEA,MIN,,,,,,P
118238-17065,P,Blake,Blake Treinen,Treinen,5.625,8,5500,LAD@COL,LAD,COL,IL,Forearm,,,,P
118238-164530,P,Caleb,Caleb Kilian,Kilian,19,2,5500,CHC@STL,CHC,STL,IL,Undisclosed,,,,P
118238-211632,P,Mason,Mason Montgomery,Montgomery,4.529411764705882,35,5500,TB@KC,TB,KC,,,,,,P
118238-80571,P,Phil,Phil Maton,Maton,6.34375,32,5500,CHC@STL,STL,CHC,,,,,,P
118238-82627,P,JoJo,JoJo Romero,Romero,3.8666666666666667,30,5500,CHC@STL,STL,CHC,,,,,,P
118238-82628,P,Adonis,Adonis Medina,Medina,,0,5500,SEA@MIN,SEA,MIN,,,,,,P
118238-119496,P,Matt,Matt Thompson,Thompson,,0,5500,CHC@STL,CHC,STL,,,,,,P
118238-170699,P,Matt,Matt Gage,Gage,4.333333333333333,6,5500,ATH@DET,DET,ATH,,,,,,P
118238-82639,P,Ryan,Ryan Helsley,Helsley,6,28,5500,CHC@STL,STL,CHC,,,,,,P
118238-228050,P,Nolan,Nolan Hoffman,Hoffman,,0,5500,PHI@HOU,PHI,HOU,,,,,,P
118238-228060,P,Jack,Jack Little,Little,3,1,5500,LAD@COL,LAD,COL,,,,,,P
118238-82657,P,Wil,Wil Crowe,Crowe,,0,5500,PHI@HOU,PHI,HOU,,,,,,P
118238-82656,P,Nate,Nate Pearson,Pearson,0.5555555555555556,9,5500,CHC@STL,CHC,STL,,,,,,P
118238-228077,P,Jack,Jack Perkins,Perkins,15,1,5500,ATH@DET,ATH,DET,,,,,,P
118238-228076,P,Paul,Paul Gervase,Gervase,9,1,5500,TB@KC,TB,KC,,,,,,P
118238-201456,P,Chris,Chris Roycroft,Roycroft,3,14,5500,CHC@STL,STL,CHC,,,,,,P
118238-84731,P,Evan,Evan Phillips,Phillips,5,7,5500,LAD@COL,LAD,COL,IL,Elbow,,,,P
118238-201506,P,Tyler,Tyler Ferguson,Ferguson,3.8285714285714287,35,5500,ATH@DET,ATH,DET,,,,,,P
118238-199461,P,Luis,Luis Contreras,Contreras,4.285714285714286,7,5500,PHI@HOU,HOU,PHI,,,,,,P
118238-135976,P,Bennett,Bennett Sousa,Sousa,7.913043478260869,23,5500,PHI@HOU,HOU,PHI,,,,,,P
118238-199465,P,Juan,Juan Sanchez,Sanchez,,0,5500,MIA@SF,SF,MIA,,,,,,P
118238-103218,P,Nick,Nick Margevicius,Margevicius,,0,5500,ATH@DET,DET,ATH,,,,,,P
118238-213816,P,Evan,Evan Sisk,Sisk,9.2,5,5500,TB@KC,KC,TB,,,,,,P
118238-84815,P,Joey,Joey Krehbiel,Krehbiel,,0,5500,TB@KC,TB,KC,,,,,,P
118238-183133,P,Curtis,Curtis Taylor,Taylor,,0,5500,CHC@STL,STL,CHC,,,,,,P
118238-213871,P,Luarbert,Luarbert Arias,Arias,3.6666666666666665,6,5500,MIA@SF,MIA,SF,,,,,,P
118238-68466,P,Steven,Steven Okert,Okert,7.225806451612903,31,5500,PHI@HOU,HOU,PHI,,,,,,P
118238-70517,P,Chad,Chad Green,Green,4.323529411764706,34,5500,TOR@CLE,TOR,CLE,,,,,,P
118238-203642,P,Raymond,Raymond Burgos,Burgos,3,1,5500,MIA@SF,SF,MIA,,,,,,P
118238-68474,P,Josh,Josh Hader,Hader,8.411764705882353,34,5500,PHI@HOU,HOU,PHI,,,,,,P
118238-170889,P,Aneurys,Aneurys Zabala,Zabala,,0,5500,ATH@DET,DET,ATH,,,,,,P
118238-170895,P,Jake,Jake Bird,Bird,8.088235294117647,34,5500,LAD@COL,COL,LAD,,,,,,P
118238-82836,P,Julian,Julian Fernandez,Fernandez,,0,5500,LAD@COL,LAD,COL,,,,,,P
118238-68510,P,Amir,Amir Garrett,Garrett,6.666666666666667,8,5500,TOR@CLE,TOR,CLE,IL,Undisclosed,,,,P
118238-68520,P,Michael,Michael Fulmer,Fulmer,5.666666666666667,3,5500,CHC@STL,CHC,STL,,,,,,P
118238-52141,P,Lucas,Lucas Sims,Sims,1.5625,18,5500,PHI@HOU,PHI,HOU,,,,,,P
118238-52143,P,Hunter,Hunter Harvey,Harvey,6.166666666666667,6,5500,TB@KC,KC,TB,IL,Shoulder,,,,P
118238-68551,P,Tyler,Tyler Beede,Beede,4.846153846153846,13,5500,SEA@MIN,MIN,SEA,,,,,,P
118238-68556,P,Dillon,Dillon Tate,Tate,5.6,5,5500,TOR@CLE,TOR,CLE,,,,,,P
118238-189393,P,Daniel,Daniel Palencia,Palencia,6,26,5500,CHC@STL,CHC,STL,,,,,,P
118238-193498,P,John,John McMillon,McMillon,9,10,5500,PHI@HOU,PHI,HOU,,,,,,P
118238-70629,P,Jacob,Jacob Barnes,Barnes,2.5,6,5500,TOR@CLE,TOR,CLE,,,,,,P
118238-187367,P,Nick,Nick Robertson,Robertson,7.111111111111111,9,5500,PHI@HOU,HOU,PHI,,,,,,P
118238-82921,P,Zack,Zack Weiss,Weiss,0,1,5500,CHC@STL,STL,CHC,,,,,,P
118238-82922,P,Tyler,Tyler Kinley,Kinley,3.342857142857143,35,5500,LAD@COL,COL,LAD,,,,,,P
118238-13312,P,Ryan,Ryan Brasier,Brasier,4.583333333333333,12,5500,CHC@STL,CHC,STL,,,,,,P
118238-168965,P,Tanner,Tanner Banks,Banks,5.2727272727272725,33,5500,PHI@HOU,PHI,HOU,,,,,,P
118238-171020,P,Michael,Michael Kelly,Kelly,7,7,5500,ATH@DET,ATH,DET,,,,,,P
118238-211985,P,Andrew,Andrew Walters,Walters,2,2,5500,TOR@CLE,CLE,TOR,IL,Lat,,,,P
118238-189470,P,Kyle,Kyle Leahy,Leahy,6.0606060606060606,33,5500,CHC@STL,STL,CHC,,,,,,P
118238-68654,P,John,John Gant,Gant,,0,5500,TB@KC,KC,TB,,,,,,P
118238-82998,P,Lou,Lou Trivino,Trivino,4.814814814814815,27,5500,LAD@COL,LAD,COL,,,,,,P
118238-212025,P,Zach,Zach Penrod,Penrod,3,7,5500,LAD@COL,LAD,COL,,,,,,P
118238-169030,P,Zach,Zach Jackson,Jackson,,0,5500,ATH@DET,ATH,DET,,,,,,P
118238-209997,P,Jack,Jack Neely,Neely,3.5,6,5500,CHC@STL,CHC,STL,,,,,,P
118238-203863,P,Gordon,Gordon Graceffo,Graceffo,7.1,10,5500,CHC@STL,STL,CHC,,,,,,P
118238-195682,P,Orion,Orion Kerkering,Kerkering,5.285714285714286,35,5500,PHI@HOU,PHI,HOU,,,,,,P
118238-13438,P,Drew,Drew Pomeranz,Pomeranz,5.695652173913044,23,5500,CHC@STL,CHC,STL,,,,,,P
118238-54403,P,Trevor,Trevor Gott,Gott,0,1,5500,SEA@MIN,SEA,MIN,,,,,,P
118238-187521,P,Joe,Joe Jacques,Jacques,3,2,5500,SEA@MIN,SEA,MIN,,,,,,P
118238-38036,P,T.J.,T.J. McFarland,McFarland,1.4615384615384615,26,5500,ATH@DET,ATH,DET,,,,,,P
118238-38041,P,Ryan,Ryan Pressly,Pressly,3.967741935483871,32,5500,CHC@STL,CHC,STL,,,,,,P
118238-38043,P,Enny,Enny Romero,Romero,,0,5500,MIA@SF,SF,MIA,,,,,,P
118238-152733,P,Griffin,Griffin Jax,Jax,6.351351351351352,37,5500,SEA@MIN,MIN,SEA,,,,,,P
118238-140459,P,John,John King,King,3.2903225806451615,31,5500,CHC@STL,STL,CHC,,,,,,P
118238-85164,P,Matt,Matt Festa,Festa,4.2727272727272725,22,5500,TOR@CLE,CLE,TOR,,,,,,P
118238-21707,P,Michael,Michael Mariot,Mariot,,0,5500,SEA@MIN,SEA,MIN,,,,,,P
118238-206028,P,River,River Ryan,Ryan,28,4,5500,LAD@COL,LAD,COL,IL,Elbow,,,,P
118238-83154,P,Miguel,Miguel Del Pozo,Del Pozo,,0,5500,MIA@SF,SF,MIA,,,,,,P
118238-83159,P,Diego,Diego Castillo,Castillo,5.571428571428571,7,5500,LAD@COL,COL,LAD,,,,,,P
118238-38106,P,Kirby,Kirby Yates,Yates,6.035714285714286,29,5500,LAD@COL,LAD,COL,,,,,,P
118238-79066,P,Anthony,Anthony Banda,Banda,4.5,36,5500,LAD@COL,LAD,COL,,,,,,P
118238-79071,P,Taylor,Taylor Clarke,Clarke,4.529411764705882,17,5500,TB@KC,KC,TB,,,,,,P
118238-152806,P,Jason,Jason Foley,Foley,4.044776119402985,70,5500,ATH@DET,DET,ATH,IL,Shoulder,,,,P
118238-83172,P,Jonathan,Jonathan Hernandez,Hernandez,6.448275862068965,29,5500,TB@KC,TB,KC,IL,Undisclosed,,,,P
118238-146670,P,Christian,Christian Roa,Roa,0,2,5500,MIA@SF,MIA,SF,,,,,,P
118238-79084,P,Tanner,Tanner Scott,Scott,5.052631578947368,38,5500,LAD@COL,LAD,COL,,,,,,P
118238-60656,P,Jeff,Jeff Hoffman,Hoffman,6.114285714285714,35,5500,TOR@CLE,TOR,CLE,,,,,,P
118238-146678,P,Tanner,Tanner Burns,Burns,,0,5500,TOR@CLE,CLE,TOR,IL,Oblique,,,,P
118238-197879,P,Juan,Juan Mejia,Mejia,6.1,20,5500,LAD@COL,COL,LAD,,,,,,P
118238-146679,P,Chris,Chris McMahon,McMahon,,0,5500,LAD@COL,COL,LAD,IL,Undisclosed,,,,P
118238-83193,P,Jesus,Jesus Tinoco,Tinoco,3.35,20,5500,MIA@SF,MIA,SF,IL,Forearm,,,,P
118238-5370,P,Daniel,Daniel Bard,Bard,0,1,5500,SEA@MIN,SEA,MIN,,,,,,P
118238-197880,P,Angel,Angel Chivilli,Chivilli,4.904761904761905,21,5500,LAD@COL,COL,LAD,,,,,,P
118238-197887,P,Porter,Porter Hodge,Hodge,4.409090909090909,22,5500,CHC@STL,CHC,STL,,,,,,P
118238-197884,P,Yoniel,Yoniel Curet,Curet,0,1,5500,TB@KC,TB,KC,IL,Shoulder,,,,P
118238-146691,P,Asa,Asa Lacy,Lacy,,0,5500,TB@KC,KC,TB,IL,Elbow,,,,P
118238-146688,P,Alex,Alex Santos II,Santos II,,0,5500,PHI@HOU,HOU,PHI,,,,,,P
118238-197888,P,Bailey,Bailey Horn,Horn,10,1,5500,ATH@DET,DET,ATH,,,,,,P
118238-21764,P,Caleb,Caleb Thielbar,Thielbar,4.823529411764706,34,5500,CHC@STL,CHC,STL,,,,,,P
118238-197899,P,Kai-Wei,Kai-Wei Teng,Teng,4.5,5,5500,MIA@SF,SF,MIA,,,,,,P
118238-146699,P,Dax,Dax Fulton,Fulton,,0,5500,MIA@SF,MIA,SF,,,,,,P
118238-72971,P,Ben,Ben Heller,Heller,4.5,8,5500,CHC@STL,CHC,STL,IL,Undisclosed,,,,P
118238-197897,P,Trevor,Trevor McDonald,McDonald,12,1,5500,MIA@SF,SF,MIA,,,,,,P
118238-197896,P,Will,Will Klein,Klein,13,2,5500,LAD@COL,LAD,COL,,,,,,P
118238-146702,P,Cole,Cole Sands,Sands,4.0588235294117645,34,5500,SEA@MIN,MIN,SEA,,,,,,P
118238-79116,P,Riley,Riley Pint,Pint,1.75,4,5500,TOR@CLE,CLE,TOR,IL,Undisclosed,,,,P
118238-197902,P,Cade,Cade Smith,Smith,6.861111111111111,36,5500,TOR@CLE,CLE,TOR,,,,,,P
118238-85263,P,CD,CD Pelham,Pelham,,0,5500,ATH@DET,ATH,DET,,,,,,P
118238-70933,P,Brock,Brock Stewart,Stewart,5.64,25,5500,SEA@MIN,MIN,SEA,,,,,,P
118238-197910,P,Wilmer,Wilmer Flores,Flores,0,1,5500,ATH@DET,DET,ATH,IL,Shoulder,,,,P
118238-79129,P,Kyle,Kyle Funkhouser,Funkhouser,,0,5500,LAD@COL,LAD,COL,,,,,,P
118238-197916,P,Anthony,Anthony Maldonado,Maldonado,2.5,6,5500,ATH@DET,ATH,DET,,,,,,P
118238-179490,P,Cole,Cole Waites,Waites,,0,5500,MIA@SF,SF,MIA,IL,Undisclosed,,,,P
118238-116002,P,Joel,Joel Kuhnel,Kuhnel,5,6,5500,PHI@HOU,PHI,HOU,,,,,,P
118238-146721,P,Jeff,Jeff Criswell,Criswell,9.846153846153847,13,5500,LAD@COL,COL,LAD,IL,Elbow,,,,P
118238-85289,P,Nick,Nick Anderson,Anderson,4.4324324324324325,37,5500,LAD@COL,COL,LAD,,,,,,P
118238-146730,P,Nick,Nick Bitsko,Bitsko,,0,5500,TB@KC,TB,KC,IL,Undisclosed,,,,P
118238-85288,P,Brusdar,Brusdar Graterol,Graterol,4.4,10,5500,LAD@COL,LAD,COL,IL,Shoulder,,,,P
118238-146734,P,Tink,Tink Hence,Hence,,0,5500,CHC@STL,STL,CHC,,,,,,P
118238-38189,P,Michael,Michael Tonkin,Tonkin,7.517857142857143,57,5500,SEA@MIN,MIN,SEA,,,,,,P
118238-79148,P,A.J.,A.J. Puckett,Puckett,,0,5500,CHC@STL,CHC,STL,,,,,,P
118238-146732,P,Nick,Nick Swiney,Swiney,,0,5500,PHI@HOU,HOU,PHI,,,,,,P
118238-146740,P,CJ,CJ Van Eyk,Van Eyk,,0,5500,TOR@CLE,TOR,CLE,,,,,,P
118238-193844,P,Evan,Evan Justice,Justice,4,1,5500,LAD@COL,COL,LAD,,,,,,P
118238-79161,P,Braxton,Braxton Garrett,Garrett,23.857142857142858,7,5500,MIA@SF,MIA,SF,IL,Elbow,,,,P
118238-152888,P,Sam,Sam Long,Long,2,9,5500,TB@KC,KC,TB,,,,,,P
118238-79171,P,Phil,Phil Bickford,Bickford,2.375,8,5500,CHC@STL,CHC,STL,,,,,,P
118238-113986,P,Emmanuel,Emmanuel Clase,Clase,5.472222222222222,36,5500,TOR@CLE,CLE,TOR,,,,,,P
118238-38217,P,Tommy,Tommy Kahnle,Kahnle,5.375,32,5500,ATH@DET,DET,ATH,,,,,,P
118238-79185,P,Justin,Justin Dunn,Dunn,,0,5500,TB@KC,KC,TB,,,,,,P
118238-226643,P,AJ,AJ Blubaugh,Blubaugh,24,1,5500,PHI@HOU,HOU,PHI,,,,,,P
118238-79184,P,Thomas,Thomas Szapucki,Szapucki,0,2,5500,ATH@DET,DET,ATH,,,,,,P
118238-197975,P,Cooper,Cooper Hjerpe,Hjerpe,,0,5500,CHC@STL,STL,CHC,IL,Elbow,,,,P
118238-204119,P,Jacob,Jacob Bosiokovic,Bosiokovic,,0,5500,SEA@MIN,MIN,SEA,,,,,,P
118238-177493,P,Andrew,Andrew Nardi,Nardi,5.051724137931035,59,5500,MIA@SF,MIA,SF,IL,Back,,,,P
118238-118122,P,Angel,Angel Perdomo,Perdomo,2.5,4,5500,ATH@DET,ATH,DET,IL,Undisclosed,,,,P
118238-193897,P,Kody,Kody Funderburk,Funderburk,4.333333333333333,9,5500,SEA@MIN,MIN,SEA,,,,,,P
118238-79220,P,Kevin,Kevin Gowdy,Gowdy,,0,5500,TOR@CLE,TOR,CLE,,,,,,P
118238-159099,P,Connor,Connor Overton,Overton,0,2,5500,TOR@CLE,TOR,CLE,IL,Undisclosed,,,,P
118238-181651,P,Matt,Matt Krook,Krook,4.333333333333333,3,5500,TOR@CLE,CLE,TOR,,,,,,P
118238-79250,P,Junior,Junior Fernandez,Fernandez,,0,5500,TB@KC,KC,TB,,,,,,P
118238-62872,P,Vince,Vince Velasquez,Velasquez,,0,5500,TOR@CLE,CLE,TOR,,,,,,P
118238-202139,P,Jack,Jack O'Loughlin,O'Loughlin,8,4,5500,LAD@COL,COL,LAD,,,,,,P
118238-193949,P,Steven,Steven Cruz,Cruz,5.6,30,5500,TB@KC,KC,TB,,,,,,P
118238-79265,P,Alex,Alex Speas,Speas,9,2,5500,SEA@MIN,MIN,SEA,,,,,,P
118238-118191,P,Antonio,Antonio Santos,Santos,,0,5500,CHC@STL,CHC,STL,,,,,,P
118238-118196,P,Ryan,Ryan Hendrix,Hendrix,,0,5500,TB@KC,KC,TB,,,,,,P
118238-101815,P,Jimmy,Jimmy Herget,Herget,6,27,5500,LAD@COL,COL,LAD,,,,,,P
118238-101814,P,Sam,Sam Hentges,Hentges,5.12,25,5500,TOR@CLE,CLE,TOR,IL,Shoulder,,,,P
118238-101816,P,Bryan,Bryan Abreu,Abreu,6.9714285714285715,36,5500,PHI@HOU,HOU,PHI,,,,,,P
118238-169400,P,Parker,Parker Mushinski,Mushinski,1.8,10,5500,TOR@CLE,CLE,TOR,,,,,,P
118238-136639,P,Burl,Burl Carraway,Carraway,,0,5500,CHC@STL,CHC,STL,,,,,,P
118238-40382,P,Luis,Luis Garcia,Garcia,4.615384615384615,26,5500,LAD@COL,LAD,COL,IL,Thigh,,,,P
118238-118208,P,Brooks,Brooks Kriske,Kriske,9,1,5500,CHC@STL,CHC,STL,,,,,,P
118238-118217,P,Manuel,Manuel Rodriguez,Rodriguez,4.870967741935484,31,5500,TB@KC,TB,KC,IL,Forearm,,,,P
118238-118216,P,Tyson,Tyson Miller,Miller,5.689655172413793,58,5500,CHC@STL,CHC,STL,,,,,,P
118238-118224,P,Garrett,Garrett Cleavinger,Cleavinger,5.59375,32,5500,TB@KC,TB,KC,,,,,,P
118238-101855,P,Trent,Trent Thornton,Thornton,3.9523809523809526,21,5500,SEA@MIN,SEA,MIN,,,,,,P
118238-101854,P,Jacob,Jacob Waguespack,Waguespack,11.25,4,5500,TB@KC,TB,KC,IL,Undisclosed,,,,P
118238-185847,P,Garrett,Garrett Acton,Acton,,0,5500,TB@KC,TB,KC,,,,,,P
118238-52733,P,Scott,Scott Alexander,Alexander,2.1052631578947367,19,5500,MIA@SF,SF,MIA,,,,,,P
118238-101904,P,Jordan,Jordan Romano,Romano,4.32258064516129,32,5500,PHI@HOU,PHI,HOU,,,,,,P
118238-210448,P,Luis,Luis Peralta,Peralta,2.7777777777777777,9,5500,LAD@COL,COL,LAD,,,,,,P
118238-71190,P,Jose,Jose Leclerc,Leclerc,3.3,10,5500,ATH@DET,ATH,DET,IL,Lat,,,,P
118238-79390,P,Michael,Michael Kopech,Kopech,5.571428571428571,7,5500,LAD@COL,LAD,COL,,,,,,P
118238-58913,P,Danny,Danny Coulombe,Coulombe,5.153846153846154,26,5500,SEA@MIN,MIN,SEA,,,,,,P
118238-181796,P,Blair,Blair Calvo,Calvo,,0,5500,ATH@DET,DET,ATH,,,,,,P
118238-181803,P,Zak,Zak Kent,Kent,8,3,5500,TOR@CLE,CLE,TOR,,,,,,P
118238-222779,P,Thomas,Thomas White,White,,0,5500,MIA@SF,MIA,SF,,,,,,P
118238-181819,P,Tim,Tim Herrin,Herrin,4.5,33,5500,TOR@CLE,CLE,TOR,,,,,,P
118238-181816,P,Casey,Casey Legumina,Legumina,5.928571428571429,29,5500,SEA@MIN,SEA,MIN,,,,,,P
118238-185926,P,Ryan,Ryan Walker,Walker,4.363636363636363,33,5500,MIA@SF,SF,MIA,,,,,,P
118238-222790,P,Jose,Jose Rodriguez,Rodriguez,,0,5500,LAD@COL,LAD,COL,,,,,,P
118238-222789,P,Jackson,Jackson Ferris,Ferris,,0,5500,LAD@COL,LAD,COL,,,,,,P
118238-175698,P,Hunter,Hunter Gaddis,Gaddis,5.117647058823529,34,5500,TOR@CLE,CLE,TOR,,,,,,P
118238-181843,P,Josh,Josh Simpson,Simpson,1,2,5500,MIA@SF,MIA,SF,,,,,,P
118238-181841,P,George,George Soriano,Soriano,6.333333333333333,12,5500,MIA@SF,MIA,SF,,,,,,P
118238-181848,P,Tom,Tom Cosgrove,Cosgrove,9,2,5500,CHC@STL,CHC,STL,,,,,,P
118238-181854,P,Brendan,Brendan White,White,0,1,5500,ATH@DET,DET,ATH,,,,,,P
118238-222814,P,Trey,Trey Yesavage,Yesavage,,0,5500,TOR@CLE,TOR,CLE,,,,,,P
118238-222812,P,Jaden,Jaden Hamm,Hamm,,0,5500,ATH@DET,DET,ATH,,,,,,P
118238-85600,P,Ryan,Ryan Burr,Burr,5.705882352941177,34,5500,TOR@CLE,TOR,CLE,IL,Shoulder,,,,P
118238-226925,P,Andrew,Andrew Hoffmann,Hoffmann,12,1,5500,TB@KC,KC,TB,,,,,,P
118238-222834,P,Quinn,Quinn Mathews,Mathews,,0,5500,CHC@STL,STL,CHC,,,,,,P
118238-222843,P,Jurrangelo,Jurrangelo Cijntje,Cijntje,,0,5500,SEA@MIN,SEA,MIN,,,,,,P
118238-210559,P,Brady,Brady Feigl,Feigl,-13,1,5500,SEA@MIN,MIN,SEA,IL,Shoulder,,,,P
118238-210562,P,Lake,Lake Bachar,Bachar,7.538461538461538,26,5500,MIA@SF,MIA,SF,,,,,,P
118238-222855,P,Ty,Ty Johnson,Johnson,,0,5500,TB@KC,TB,KC,,,,,,P
118238-222854,P,Brody,Brody Hopkins,Hopkins,,0,5500,TB@KC,TB,KC,,,,,,P
118238-110216,P,Stephen,Stephen Nogosek,Nogosek,,0,5500,TB@KC,KC,TB,,,,,,P
118238-222857,P,Jackson,Jackson Baumeister,Baumeister,,0,5500,TB@KC,TB,KC,,,,,,P
118238-222856,P,Trevor,Trevor Harrison,Harrison,,0,5500,TB@KC,TB,KC,,,,,,P
118238-190092,P,Devin,Devin Sweet,Sweet,,0,5500,PHI@HOU,PHI,HOU,,,,,,P
118238-165522,P,Tommy,Tommy Mace,Mace,,0,5500,TOR@CLE,CLE,TOR,,,,,,P
118238-165521,P,Doug,Doug Nikhazy,Nikhazy,0,1,5500,TOR@CLE,CLE,TOR,,,,,,P
118238-220822,P,Elvis,Elvis Alvarado,Alvarado,6.75,4,5500,ATH@DET,ATH,DET,,,,,,P
118238-52887,P,Tyler,Tyler Matzek,Matzek,4.428571428571429,7,5500,CHC@STL,STL,CHC,,,,,,P
118238-165531,P,Sam,Sam Weatherly,Weatherly,,0,5500,LAD@COL,COL,LAD,,,,,,P
118238-165528,P,Joe,Joe Rock,Rock,,0,5500,TB@KC,TB,KC,,,,,,P
118238-165529,P,Jaden,Jaden Hill,Hill,6.666666666666667,3,5500,LAD@COL,COL,LAD,,,,,,P
118238-165534,P,Norge,Norge Vera,Vera,,0,5500,ATH@DET,ATH,DET,,,,,,P
118238-202402,P,Justin,Justin Sterner,Sterner,4.964285714285714,29,5500,ATH@DET,ATH,DET,,,,,,P
118238-220834,P,Nate,Nate Lavender,Lavender,,0,5500,TB@KC,TB,KC,IL,Elbow,,,,P
118238-38563,P,Yimi,Yimi Garcia,Garcia,5.285714285714286,21,5500,TOR@CLE,TOR,CLE,IL,Shoulder,,,,P
118238-220838,P,Garrett,Garrett McDaniels,McDaniels,2.9,10,5500,LAD@COL,LAD,COL,,,,,,P
118238-169636,P,Beau,Beau Brieske,Brieske,3.272727272727273,22,5500,ATH@DET,DET,ATH,,,,,,P
118238-220837,P,Evan,Evan Reifert,Reifert,,0,5500,TB@KC,TB,KC,,,,,,P
118238-220836,P,Angel,Angel Bastardo,Bastardo,,0,5500,TOR@CLE,TOR,CLE,IL,Elbow,,,,P
118238-226980,P,Andre,Andre Granillo,Granillo,5.8,5,5500,CHC@STL,STL,CHC,,,,,,P
118238-220842,P,Eiberson,Eiberson Castellano,Castellano,,0,5500,PHI@HOU,PHI,HOU,IL,Undisclosed,,,,P
118238-220841,P,Anderson,Anderson Pilar,Pilar,,0,5500,MIA@SF,MIA,SF,,,,,,P
118238-163507,P,Alan,Alan Rangel,Rangel,6,1,5500,PHI@HOU,PHI,HOU,,,,,,P
118238-222898,P,Mason,Mason Fluharty,Fluharty,5.25,35,5500,TOR@CLE,TOR,CLE,,,,,,P
118238-165553,P,Dylan,Dylan Smith,Smith,4.6,5,5500,ATH@DET,DET,ATH,,,,,,P
118238-165566,P,Ben,Ben Kudrna,Kudrna,,0,5500,TB@KC,KC,TB,,,,,,P
118238-165564,P,Frank,Frank Mozzicato,Mozzicato,,0,5500,TB@KC,KC,TB,,,,,,P
118238-165570,P,Ben,Ben Hernandez,Hernandez,,0,5500,SEA@MIN,SEA,MIN,,,,,,P
118238-165572,P,Noah,Noah Murdock,Murdock,3.4615384615384617,14,5500,TB@KC,KC,TB,,,,,,P
118238-165582,P,Robinson,Robinson Pina,Pina,0,1,5500,TOR@CLE,TOR,CLE,,,,,,P
118238-165586,P,Mason,Mason Albright,Albright,,0,5500,LAD@COL,COL,LAD,,,,,,P
118238-198354,P,Anthony,Anthony Molina,Molina,4.6,5,5500,LAD@COL,COL,LAD,,,,,,P
118238-222930,P,Logan,Logan VanWey,VanWey,3.2857142857142856,7,5500,PHI@HOU,HOU,PHI,IL,Undisclosed,,,,P
118238-165584,P,Alejandro,Alejandro Hidalgo,Hidalgo,,0,5500,SEA@MIN,MIN,SEA,,,,,,P
118238-179924,P,Gavin,Gavin Hollowell,Hollowell,6.2,5,5500,CHC@STL,CHC,STL,,,,,,P
118238-198357,P,Ryan,Ryan Fernandez,Fernandez,1.4,11,5500,CHC@STL,STL,CHC,,,,,,P
118238-165594,P,Carlos,Carlos Duran,Duran,-8,1,5500,ATH@DET,ATH,DET,,,,,,P
118238-165595,P,Maddux,Maddux Bruns,Bruns,,0,5500,LAD@COL,LAD,COL,,,,,,P
118238-112348,P,Cody,Cody Stashak,Stashak,,0,5500,PHI@HOU,PHI,HOU,,,,,,P
118238-14049,P,Bryan,Bryan Shaw,Shaw,2.4,5,5500,SEA@MIN,SEA,MIN,,,,,,P
118238-181985,P,Guillo,Guillo Zuniga,Zuniga,4.214285714285714,15,5500,PHI@HOU,PHI,HOU,,,,,,P
118238-212709,P,Edgardo,Edgardo Henriquez,Henriquez,5.666666666666667,6,5500,LAD@COL,LAD,COL,IL,Foot,,,,P
118238-181992,P,Jose,Jose Hernandez,Hernandez,4,8,5500,LAD@COL,LAD,COL,,,,,,P
118238-165609,P,Zach,Zach McCambley,McCambley,,0,5500,MIA@SF,MIA,SF,,,,,,P
118238-182006,P,Nic,Nic Enright,Enright,6.2727272727272725,11,5500,TOR@CLE,CLE,TOR,,,,,,P
118238-182005,P,Kevin,Kevin Kelly,Kelly,4.1875,16,5500,TB@KC,TB,KC,,,,,,P
118238-165628,P,Josh,Josh Walker,Walker,9,3,5500,PHI@HOU,PHI,HOU,,,,,,P
118238-165642,P,Mason,Mason Miller,Miller,6.689655172413793,29,5500,ATH@DET,ATH,DET,,,,,,P
118238-161545,P,Kaleb,Kaleb Ort,Ort,4.2727272727272725,22,5500,PHI@HOU,HOU,PHI,,,,,,P
118238-165650,P,Grant,Grant Holman,Holman,5,22,5500,ATH@DET,ATH,DET,IL,Shoulder,,,,P
118238-165649,P,Colin,Colin Peluse,Peluse,,0,5500,ATH@DET,ATH,DET,,,,,,P
118238-165674,P,Adam,Adam Macko,Macko,0,1,5500,TOR@CLE,TOR,CLE,,,,,,P
118238-165682,P,Michael,Michael Morales,Morales,,0,5500,SEA@MIN,SEA,MIN,,,,,,P
118238-182064,P,Chris,Chris Clarke,Clarke,,0,5500,CHC@STL,CHC,STL,,,,,,P
118238-53043,P,Jesse,Jesse Hahn,Hahn,5,3,5500,SEA@MIN,SEA,MIN,,,,,,P
118238-165687,P,Will,Will Bednar,Bednar,,0,5500,MIA@SF,SF,MIA,,,,,,P
118238-165684,P,Matt,Matt Mikulski,Mikulski,,0,5500,PHI@HOU,HOU,PHI,,,,,,P
118238-165691,P,Manuel,Manuel Mercedes,Mercedes,,0,5500,MIA@SF,SF,MIA,,,,,,P
118238-165695,P,Edwin,Edwin Nunez,Nunez,,0,5500,CHC@STL,STL,CHC,,,,,,P
118238-165696,P,Ian,Ian Bedell,Bedell,,0,5500,CHC@STL,STL,CHC,,,,,,P
118238-163654,P,Alexis,Alexis Diaz,Diaz,0.5,6,5500,LAD@COL,LAD,COL,,,,,,P
118238-116548,P,Tyler,Tyler Rogers,Rogers,5.256410256410256,39,5500,MIA@SF,SF,MIA,,,,,,P
118238-163655,P,Daniel,Daniel Duarte,Duarte,12,3,5500,SEA@MIN,MIN,SEA,IL,Elbow,,,,P
118238-163658,P,Randy,Randy Rodriguez,Rodriguez,7.852941176470588,34,5500,MIA@SF,SF,MIA,,,,,,P
118238-163663,P,Calvin,Calvin Faucher,Faucher,4.5625,33,5500,MIA@SF,MIA,SF,,,,,,P
118238-163664,P,Tommy,Tommy Romero,Romero,0,2,5500,CHC@STL,CHC,STL,,,,,,P
118238-204624,P,Eric,Eric Orze,Orze,6.6923076923076925,26,5500,TB@KC,TB,KC,,,,,,P
118238-204631,P,Hunter,Hunter Bigge,Bigge,5.3076923076923075,13,5500,TB@KC,TB,KC,IL,Lat,,,,P
118238-165719,P,Irv,Irv Carter,Carter,,0,5500,TOR@CLE,TOR,CLE,,,,,,P
118238-165716,P,Sem,Sem Robberse,Robberse,0,2,5500,CHC@STL,STL,CHC,IL,Elbow,,,,P
118238-165722,P,Chad,Chad Dallas,Dallas,,0,5500,TOR@CLE,TOR,CLE,IL,Undisclosed,,,,P
118238-5983,P,Rich,Rich Hill,Hill,5,4,5500,TB@KC,KC,TB,,,,,,P
118238-163677,P,James,James McArthur,McArthur,4.618181818181818,57,5500,TB@KC,KC,TB,IL,Elbow,,,,P
118238-163682,P,Ethan,Ethan Roberts,Roberts,3.7777777777777777,9,5500,CHC@STL,CHC,STL,,,,,,P
118238-163683,P,Ricky,Ricky Vanasco,Vanasco,4,4,5500,ATH@DET,DET,ATH,,,,,,P
118238-163684,P,Ronny,Ronny Henriquez,Henriquez,7.085714285714285,35,5500,MIA@SF,MIA,SF,,,,,,P
118238-163688,P,Collin,Collin Snider,Snider,4.791666666666667,24,5500,SEA@MIN,SEA,MIN,IL,Forearm,,,,P
118238-163697,P,Hagen,Hagen Danner,Danner,0,1,5500,SEA@MIN,SEA,MIN,,,,,,P
118238-163707,P,Freddy,Freddy Pacheco,Pacheco,,0,5500,ATH@DET,DET,ATH,,,,,,P
118238-210813,P,Ryan,Ryan Miller,Miller,4.153846153846154,13,5500,ATH@DET,DET,ATH,,,,,,P
118238-108461,P,Pete,Pete Fairbanks,Fairbanks,5.354838709677419,31,5500,TB@KC,TB,KC,,,,,,P
118238-102318,P,Ryan,Ryan Rolison,Rolison,2.8666666666666667,15,5500,LAD@COL,COL,LAD,,,,,,P
118238-102332,P,Jackson,Jackson Kowar,Kowar,7.142857142857143,7,5500,SEA@MIN,SEA,MIN,,,,,,P
118238-210885,P,Erik,Erik Sabrowski,Sabrowski,10.153846153846153,13,5500,TOR@CLE,CLE,TOR,IL,Elbow,,,,P
118238-202726,P,Michel,Michel Otanez,Otanez,2,6,5500,ATH@DET,ATH,DET,,,,,,P
118238-102375,P,Luis,Luis Medina,Medina,20.375,8,5500,ATH@DET,ATH,DET,IL,Elbow,,,,P
118238-102377,P,Trevor,Trevor Stephan,Stephan,0,3,5500,TOR@CLE,CLE,TOR,IL,Elbow,,,,P
118238-79848,P,Paul,Paul Sewald,Sewald,4.428571428571429,14,5500,TOR@CLE,CLE,TOR,IL,Shoulder,,,,P
118238-79852,P,Lucas,Lucas Erceg,Erceg,4.931034482758621,29,5500,TB@KC,KC,TB,,,,,,P
118238-198655,P,Woo-Suk,Woo-Suk Go,Go,,0,5500,ATH@DET,DET,ATH,,,,,,P
118238-102399,P,Sam,Sam Carlson,Carlson,,0,5500,LAD@COL,LAD,COL,,,,,,P
118238-82440,OF,Shohei,Shohei Ohtani,Ohtani,15.750633529469937,79,5200,LAD@COL,LAD,COL,,,,,,OF/UTIL
118238-79125,OF,Kyle,Kyle Tucker,Tucker,14.011392714102056,79,4300,CHC@STL,CHC,STL,,,,,,OF/UTIL
118238-11334,1B,Freddie,Freddie Freeman,Freeman,11.114493107450182,69,4200,LAD@COL,LAD,COL,,,,,,C/1B/UTIL
118238-60631,OF,Kyle,Kyle Schwarber,Schwarber,13.273750305175781,80,4100,PHI@HOU,PHI,HOU,,,,,,OF/UTIL
118238-146704,OF,Pete,Pete Crow-Armstrong,Crow-Armstrong,14.089873108682752,79,4000,CHC@STL,CHC,STL,,,,,,OF/UTIL
118238-73023,OF,Teoscar,Teoscar Hernandez,Hernandez,11.653846153846153,65,4000,LAD@COL,LAD,COL,,,,,,OF/UTIL
118238-39086,OF,Byron,Byron Buxton,Buxton,13.80793689546131,63,3900,SEA@MIN,MIN,SEA,,,,,,OF/UTIL
118238-39151,2B/SS/OF,Mookie,Mookie Betts,Betts,10.493243243243244,74,3800,LAD@COL,LAD,COL,,,,,,2B/SS/OF/UTIL
118238-119349,SS,Bobby,Bobby Witt Jr.,Witt Jr.,11.609876844618055,81,3800,TB@KC,KC,TB,,,,,,SS/UTIL
118238-68585,3B,Rafael,Rafael Devers,Devers,12.460493676456405,81,3800,MIA@SF,SF,MIA,,,,,,3B/UTIL
118238-79401,C,Will,Will Smith,Smith,11.695237901475695,63,3800,LAD@COL,LAD,COL,,,,,,C/1B/UTIL
118238-38976,3B,Jose,Jose Ramirez,Ramirez,12.205262836657072,76,3700,TOR@CLE,CLE,TOR,,,,,,3B/UTIL
118238-146695,OF,Andy,Andy Pages,Pages,11.090909090909092,77,3700,LAD@COL,LAD,COL,,,,,,OF/UTIL
118238-65881,SS,Trea,Trea Turner,Turner,11.824358817858574,78,3600,PHI@HOU,PHI,HOU,,,,,,SS/UTIL
118238-119343,OF,Riley,Riley Greene,Greene,11.737974529024921,79,3600,ATH@DET,DET,ATH,,,,,,OF/UTIL
118238-52176,3B,Max,Max Muncy,Muncy,10.453947368421053,76,3600,LAD@COL,LAD,COL,,,,,,3B/UTIL
118238-165527,OF/C/1B,Hunter,Hunter Goodman,Goodman,10.467532467532468,77,3600,LAD@COL,COL,LAD,,,,,,C/1B/OF/UTIL
118238-102554,C,Cal,Cal Raleigh,Raleigh,15.39230737930689,78,3500,SEA@MIN,SEA,MIN,,,,,,C/1B/UTIL
118238-167012,OF,Seiya,Seiya Suzuki,Suzuki,12.590789794921875,76,3500,CHC@STL,CHC,STL,,,,,,OF/UTIL
118238-198880,OF,Jordan,Jordan Beck,Beck,10.079999651227679,70,3400,LAD@COL,COL,LAD,,,,,,OF/UTIL
118238-82612,OF,Brent,Brent Rooker,Rooker,11.03048780487805,82,3400,ATH@DET,ATH,DET,,,,,,OF/UTIL
118238-195679,3B,Junior,Junior Caminero,Caminero,11.5386669921875,75,3400,TB@KC,TB,KC,,,,,,3B/UTIL
118238-163689,3B/2B/OF,Maikel,Maikel Garcia,Garcia,10.645569620253164,79,3400,TB@KC,KC,TB,,,,,,2B/3B/OF/UTIL
118238-108450,SS/2B/OF,Tommy,Tommy Edman,Edman,9.709677419354838,62,3400,LAD@COL,LAD,COL,,,,,,2B/SS/OF/UTIL
118238-102400,OF,Julio,Julio Rodriguez,Rodriguez,10.962820199819712,78,3300,SEA@MIN,SEA,MIN,,,,,,OF/UTIL
118238-135203,1B,Spencer,Spencer Torkelson,Torkelson,10.9213330078125,75,3300,ATH@DET,DET,ATH,,,,,,C/1B/UTIL
118238-119345,SS,Jeremy,Jeremy Pena,Pena,11.657499694824219,80,3300,PHI@HOU,HOU,PHI,,,,,,SS/UTIL
118238-119352,1B,Michael,Michael Busch,Busch,10.247297132337415,74,3300,CHC@STL,CHC,STL,,,,,,C/1B/UTIL
118238-82642,OF,Heliot,Heliot Ramos,Ramos,11.25128173828125,78,3300,MIA@SF,SF,MIA,,,,,,OF/UTIL
118238-68514,3B,Ryan,Ryan McMahon,McMahon,8.365823093848892,79,3300,LAD@COL,COL,LAD,,,,,,3B/UTIL
118238-222295,2B/SS/OF,Hyeseong,Hyeseong Kim,Kim,7.628571428571429,35,3300,LAD@COL,LAD,COL,,,,,,2B/SS/OF/UTIL
118238-79092,OF,Ian,Ian Happ,Happ,11.58732411559199,71,3300,CHC@STL,CHC,STL,,,,,,OF/UTIL
118238-119333,OF/2B,Tyler,Tyler Freeman,Freeman,8.7875,40,3200,LAD@COL,COL,LAD,,,,,,2B/OF/UTIL
118238-119337,1B/OF,Michael,Michael Toglia,Toglia,7.724999904632568,64,3200,LAD@COL,COL,LAD,,,,,,C/1B/OF/UTIL
118238-82613,2B,Thairo,Thairo Estrada,Estrada,8.51111094156901,18,3200,LAD@COL,COL,LAD,,,,,,2B/UTIL
118238-85261,OF,Randy,Randy Arozarena,Arozarena,10.424675483208198,77,3200,SEA@MIN,SEA,MIN,,,,,,OF/UTIL
118238-21887,C/1B,Willson,Willson Contreras,Contreras,10.299999839381167,76,3200,CHC@STL,STL,CHC,,,,,,C/1B/UTIL
118238-79273,1B,Vladimir,Vladimir Guerrero Jr.,Guerrero Jr.,10.917948404947916,78,3200,TOR@CLE,TOR,CLE,,,,,,C/1B/UTIL
118238-206482,SS,Jacob,Jacob Wilson,Wilson,10.55526331851357,76,3200,ATH@DET,ATH,DET,,,,,,SS/UTIL
118238-102362,OF,Trevor,Trevor Larnach,Larnach,9.54933349609375,75,3200,SEA@MIN,MIN,SEA,,,,,,OF/UTIL
118238-12310,1B,Carlos,Carlos Santana,Santana,9.105479619274401,73,3100,TOR@CLE,CLE,TOR,,,,,,C/1B/UTIL
118238-16983,OF,George,George Springer,Springer,10.337837837837839,74,3100,TOR@CLE,TOR,CLE,,,,,,OF/UTIL
118238-82574,3B,Isaac,Isaac Paredes,Paredes,10.828947368421053,76,3100,PHI@HOU,HOU,PHI,,,,,,3B/UTIL
118238-82644,OF,Jesus,Jesus Sanchez,Sanchez,9.37586185849946,58,3100,MIA@SF,MIA,SF,,,,,,OF/UTIL
118238-52179,SS,J.P.,J.P. Crawford,Crawford,9.407894736842104,76,3100,SEA@MIN,SEA,MIN,,,,,,SS/UTIL
118238-68588,2B,Gleyber,Gleyber Torres,Torres,10.58235258214614,68,3100,ATH@DET,DET,ATH,,,,,,2B/UTIL
118238-154711,OF,Lars,Lars Nootbaar,Nootbaar,10.093420731393914,76,3100,CHC@STL,STL,CHC,,,,,,OF/UTIL
118238-60642,OF,Michael,Michael Conforto,Conforto,6.935714285714286,70,3100,LAD@COL,LAD,COL,,,,,,OF/UTIL
118238-79120,1B,Yandy,Yandy Diaz,Diaz,10.610810975770693,74,3100,TB@KC,TB,KC,,,,,,C/1B/UTIL
118238-79211,OF,Mickey,Mickey Moniak,Moniak,7.777941535500919,68,3100,LAD@COL,COL,LAD,,,,,,OF/UTIL
118238-85504,2B,Brandon,Brandon Lowe,Lowe,10.300000164959881,74,3100,TB@KC,TB,KC,,,,,,2B/UTIL
118238-181830,3B/OF,Addison,Addison Barger,Barger,8.87636385830966,55,3100,TOR@CLE,TOR,CLE,,,,,,3B/OF/UTIL
118238-163674,SS,Ezequiel,Ezequiel Tovar,Tovar,8.493749618530273,32,3100,LAD@COL,COL,LAD,IL,Oblique,,,,SS/UTIL
118238-198539,OF,Jung Hoo,Jung Hoo Lee,Lee,9.727272727272727,77,3100,MIA@SF,SF,MIA,,,,,,OF/UTIL
118238-198893,C,Dalton,Dalton Rushing,Rushing,7.6058825324563415,17,3000,LAD@COL,LAD,COL,,,,,,C/1B/UTIL
118238-119341,OF,Wenceel,Wenceel Perez,Perez,11.6875,24,3000,ATH@DET,DET,ATH,,,,,,OF/UTIL
118238-119368,C,Ryan,Ryan Jeffers,Jeffers,8.449206155443948,63,3000,SEA@MIN,MIN,SEA,,,,,,C/1B/UTIL
118238-119377,OF,Matt,Matt Wallner,Wallner,7.7,40,3000,SEA@MIN,MIN,SEA,,,,,,OF/UTIL
118238-82533,OF,Daulton,Daulton Varsho,Varsho,11.908332824707031,24,3000,TOR@CLE,TOR,CLE,IL,Hamstring,,,,OF/UTIL
118238-119420,C,Ivan,Ivan Herrera,Herrera,11.89047604515439,42,3000,CHC@STL,STL,CHC,IL,Hamstring,,,,C/1B/UTIL
118238-82575,OF,Yordan,Yordan Alvarez,Alvarez,8.324137720568427,29,3000,PHI@HOU,HOU,PHI,IL,Hand,,,,OF/UTIL
118238-12948,1B,Bryce,Bryce Harper,Harper,11.72631621779057,57,3000,PHI@HOU,PHI,HOU,IL,Wrist,,,,C/1B/UTIL
118238-82654,SS,Bo,Bo Bichette,Bichette,10.349366779568829,79,3000,TOR@CLE,TOR,CLE,,,,,,SS/UTIL
118238-68544,3B,Matt,Matt Chapman,Chapman,10.723076923076922,65,3000,MIA@SF,SF,MIA,IL,Hand,,,,3B/UTIL
118238-197886,C,Agustin,Agustin Ramirez,Ramirez,9.512963189019096,54,3000,MIA@SF,MIA,SF,,,,,,C/1B/UTIL
118238-21874,2B/3B,Jorge,Jorge Polanco,Polanco,8.624242609197443,66,3000,SEA@MIN,SEA,MIN,,,,,,2B/3B/UTIL
118238-13792,3B/1B/2B/OF,Kike,Kike Hernandez,Hernandez,5.280000187800481,65,3000,LAD@COL,LAD,COL,,,,,,C/1B/2B/3B/OF/UTIL
118238-181795,OF,Lawrence,Lawrence Butler,Butler,10.727272727272727,77,3000,ATH@DET,ATH,DET,,,,,,OF/UTIL
118238-165571,1B,Vinnie,Vinnie Pasquantino,Pasquantino,8.77750015258789,80,3000,TB@KC,KC,TB,,,,,,C/1B/UTIL
118238-53033,OF,Mike,Mike Yastrzemski,Yastrzemski,8.615068827589898,73,3000,MIA@SF,SF,MIA,,,,,,OF/UTIL
118238-163662,1B,Jonathan,Jonathan Aranda,Aranda,9.98,75,3000,TB@KC,TB,KC,,,,,,C/1B/UTIL
118238-163666,OF,Steven,Steven Kwan,Kwan,9.7786669921875,75,3000,TOR@CLE,CLE,TOR,,,,,,OF/UTIL
118238-102363,OF/1B,Luke,Luke Raley,Raley,8.496551513671875,29,3000,SEA@MIN,SEA,MIN,,,,,,C/1B/OF/UTIL
118238-135298,1B/OF,Tyler,Tyler Soderstrom,Soderstrom,10.270370671778549,81,2900,ATH@DET,ATH,DET,,,,,,C/1B/OF/UTIL
118238-135366,SS,Masyn,Masyn Winn,Winn,9.699999823086504,69,2900,CHC@STL,STL,CHC,,,,,,SS/UTIL
118238-14562,2B/OF,Jose,Jose Altuve,Altuve,9.353246911779626,77,2900,PHI@HOU,HOU,PHI,,,,,,2B/OF/UTIL
118238-176691,OF,Kerry,Kerry Carpenter,Carpenter,8.325675345755911,74,2900,ATH@DET,DET,ATH,,,,,,OF/UTIL
118238-119405,2B/SS,Bryson,Bryson Stott,Stott,8.991667005750868,72,2900,PHI@HOU,PHI,HOU,,,,,,2B/SS/UTIL
118238-82555,SS/2B/3B/OF,Willi,Willi Castro,Castro,9.168965306775323,58,2900,SEA@MIN,MIN,SEA,,,,,,2B/3B/SS/OF/UTIL
118238-189308,1B,Kyle,Kyle Manzardo,Manzardo,8.511764526367188,68,2900,TOR@CLE,CLE,TOR,,,,,,C/1B/UTIL
118238-185303,SS/2B/3B/OF,Jose,Jose Caballero,Caballero,9.259090539180871,66,2900,TB@KC,TB,KC,,,,,,2B/3B/SS/OF/UTIL
118238-68586,SS,Dansby,Dansby Swanson,Swanson,9.856962179835838,79,2900,CHC@STL,CHC,STL,,,,,,SS/UTIL
118238-189530,OF,Dominic,Dominic Canzone,Canzone,9.326666259765625,15,2900,SEA@MIN,SEA,MIN,,,,,,OF/UTIL
118238-60655,SS,Willy,Willy Adames,Adames,8.789873726760284,79,2900,MIA@SF,SF,MIA,,,,,,SS/UTIL
118238-146682,OF,Brenton,Brenton Doyle,Doyle,7.58382370892693,68,2900,LAD@COL,COL,LAD,,,,,,OF/UTIL
118238-13638,1B,Wilmer,Wilmer Flores,Flores,9.158441716974432,77,2900,MIA@SF,SF,MIA,,,,,,C/1B/UTIL
118238-21885,SS/3B/OF,Javier,Javier Baez,Baez,9.023529052734375,68,2900,ATH@DET,DET,ATH,,,,,,3B/SS/OF/UTIL
118238-13719,3B,Nolan,Nolan Arenado,Arenado,8.9986669921875,75,2900,CHC@STL,STL,CHC,,,,,,3B/UTIL
118238-79257,OF,Josh,Josh Lowe,Lowe,9.722222222222221,36,2900,TB@KC,TB,KC,,,,,,OF/UTIL
118238-101842,1B,Ty,Ty France,France,8.433333176832933,78,2900,SEA@MIN,MIN,SEA,,,,,,C/1B/UTIL
118238-222794,1B,Nick,Nick Kurtz,Kurtz,10.352380661737351,42,2900,ATH@DET,ATH,DET,,,,,,C/1B/UTIL
118238-102393,SS/2B,Xavier,Xavier Edwards,Edwards,9.033332945808532,63,2900,MIA@SF,MIA,SF,,,,,,2B/SS/UTIL
118238-135204,C,Dillon,Dillon Dingler,Dingler,8.141935286983367,62,2800,ATH@DET,DET,ATH,,,,,,C/1B/UTIL
118238-135218,OF,Jake,Jake Meyers,Meyers,8.220512977013222,78,2800,PHI@HOU,HOU,PHI,,,,,,OF/UTIL
118238-135314,2B/SS/3B/1B,Ernie,Ernie Clement,Clement,7.233766233766234,77,2800,TOR@CLE,TOR,CLE,,,,,,C/1B/2B/3B/SS/UTIL
118238-119303,C,Shea,Shea Langeliers,Langeliers,9.330357142857142,56,2800,ATH@DET,ATH,DET,IL,Oblique,,,,C/1B/UTIL
118238-119305,OF,Kyle,Kyle Stowers,Stowers,9.368918753959036,74,2800,MIA@SF,MIA,SF,,,,,,OF/UTIL
118238-119444,C,Alejandro,Alejandro Kirk,Kirk,8.556923264723558,65,2800,TOR@CLE,TOR,CLE,,,,,,C/1B/UTIL
118238-189389,OF,Dane,Dane Myers,Myers,7.93076911339393,52,2800,MIA@SF,MIA,SF,,,,,,OF/UTIL
118238-13266,C/1B,Salvador,Salvador Perez,Perez,7.7961037375710225,77,2800,TB@KC,KC,TB,,,,,,C/1B/UTIL
118238-13342,OF,Nick,Nick Castellanos,Castellanos,9.198734331734572,79,2800,PHI@HOU,PHI,HOU,,,,,,OF/UTIL
118238-13390,SS/2B/3B,Miguel,Miguel Rojas,Rojas,4.113043411918309,46,2800,LAD@COL,LAD,COL,,,,,,2B/3B/SS/UTIL
118238-85279,C,Miguel,Miguel Amaya,Amaya,10.67777732566551,27,2800,CHC@STL,CHC,STL,IL,Oblique,,,,C/1B/UTIL
118238-38218,1B,Christian,Christian Walker,Walker,8.1545457716112,77,2800,PHI@HOU,HOU,PHI,,,,,,C/1B/UTIL
118238-197972,SS/3B/2B,Brooks,Brooks Lee,Lee,7.677777971540179,63,2800,SEA@MIN,MIN,SEA,,,,,,2B/3B/SS/UTIL
118238-101811,OF,Sam,Sam Hilliard,Hilliard,7.494444105360243,18,2800,LAD@COL,COL,LAD,,,,,,OF/UTIL
118238-165514,OF/2B,Angel,Angel Martinez,Martinez,7.298387096774194,62,2800,TOR@CLE,CLE,TOR,,,,,,2B/OF/UTIL
118238-226967,SS,Ryan,Ryan Ritter,Ritter,7.037499904632568,16,2800,LAD@COL,COL,LAD,,,,,,SS/UTIL
118238-202431,2B/3B/SS/OF,Daniel,Daniel Schneemann,Schneemann,7.477049280385502,61,2800,TOR@CLE,CLE,TOR,,,,,,2B/3B/SS/OF/UTIL
118238-38614,SS,Carlos,Carlos Correa,Correa,7.565217391304348,69,2800,SEA@MIN,MIN,SEA,,,,,,SS/UTIL
118238-165693,OF/1B,Alec,Alec Burleson,Burleson,8.278571428571428,70,2800,CHC@STL,STL,CHC,,,,,,C/1B/OF/UTIL
118238-163706,3B/2B/SS/OF,Brendan,Brendan Donovan,Donovan,9.850684597067637,73,2800,CHC@STL,STL,CHC,,,,,,2B/3B/SS/OF/UTIL
118238-102301,2B/SS,Nico,Nico Hoerner,Hoerner,9.527631257709704,76,2800,CHC@STL,CHC,STL,,,,,,2B/SS/UTIL
118238-102415,2B/3B,Nolan,Nolan Gorman,Gorman,7.613461421086238,52,2700,CHC@STL,STL,CHC,,,,,,2B/3B/UTIL
118238-116867,C,Tyler,Tyler Heineman,Heineman,8.322222109194156,27,2700,TOR@CLE,TOR,CLE,,,,,,C/1B/UTIL
118238-73871,C,Carson,Carson Kelly,Kelly,9.672000122070312,50,2700,CHC@STL,CHC,STL,,,,,,C/1B/UTIL
118238-102546,2B/3B/SS,Gabriel,Gabriel Arias,Arias,7.38219211526113,73,2700,TOR@CLE,CLE,TOR,,,,,,2B/3B/SS/UTIL
118238-145618,2B/SS,Otto,Otto Lopez,Lopez,9.147618853856647,63,2700,MIA@SF,MIA,SF,,,,,,2B/SS/UTIL
118238-219666,OF,Jake,Jake Mangum,Mangum,8.866666666666667,45,2700,TB@KC,TB,KC,,,,,,OF/UTIL
118238-164506,2B/3B,Connor,Connor Norby,Norby,8.178947582579495,57,2700,MIA@SF,MIA,SF,,,,,,2B/3B/UTIL
118238-17139,C,J.T.,J.T. Realmuto,Realmuto,8.33787860292377,66,2700,PHI@HOU,PHI,HOU,,,,,,C/1B/UTIL
118238-52170,1B/OF,Dominic,Dominic Smith,Smith,8.058823529411764,17,2700,MIA@SF,SF,MIA,,,,,,C/1B/OF/UTIL
118238-83191,C,Austin,Austin Wynns,Wynns,7.443333435058594,30,2700,ATH@DET,ATH,DET,,,,,,C/1B/UTIL
118238-101753,2B/SS/3B/OF,Dylan,Dylan Moore,Moore,6.9633331298828125,60,2700,SEA@MIN,SEA,MIN,,,,,,2B/3B/SS/OF/UTIL
118238-118218,SS/3B/2B/OF,Zach,Zach McKinstry,McKinstry,8.838889227973091,72,2700,ATH@DET,DET,ATH,,,,,,2B/3B/SS/OF/UTIL
118238-81511,2B/3B/SS/1B,Kyle,Kyle Farmer,Farmer,5.3350878263774675,57,2700,LAD@COL,COL,LAD,,,,,,C/1B/2B/3B/SS/UTIL
118238-222846,OF,Cam,Cam Smith,Smith,8.292424057469223,66,2700,PHI@HOU,HOU,PHI,,,,,,OF/UTIL
118238-165559,C,Yainer,Yainer Diaz,Diaz,7.77970996801404,69,2700,PHI@HOU,HOU,PHI,,,,,,C/1B/UTIL
118238-102308,2B/3B/OF,Jonathan,Jonathan India,India,7.483333163791233,72,2700,TB@KC,KC,TB,,,,,,2B/3B/OF/UTIL
118238-102315,C,Bo,Bo Naylor,Naylor,7.372881355932203,59,2700,TOR@CLE,CLE,TOR,,,,,,C/1B/UTIL
118238-102325,OF,Parker,Parker Meadows,Meadows,7.847368742290296,19,2700,ATH@DET,DET,ATH,,,,,,OF/UTIL
118238-102370,3B/1B,Alec,Alec Bohm,Bohm,8.498701615767045,77,2700,PHI@HOU,PHI,HOU,,,,,,C/1B/3B/UTIL
118238-79884,OF,Anthony,Anthony Santander,Santander,6.955999755859375,50,2600,TOR@CLE,TOR,CLE,IL,Shoulder,,,,OF/UTIL
118238-223870,C,Braxton,Braxton Fulford,Fulford,7.680000305175781,10,2600,LAD@COL,COL,LAD,,,,,,C/1B/UTIL
118238-82617,2B,Andres,Andres Gimenez,Gimenez,7.6301885640846105,53,2600,TOR@CLE,TOR,CLE,,,,,,2B/UTIL
118238-146160,SS,Ha-Seong,Ha-Seong Kim,Kim,9.21900826446281,121,2600,TB@KC,TB,KC,IL,Shoulder,,,,SS/UTIL
118238-224021,3B/1B,Otto,Otto Kemp,Kemp,7.787499904632568,16,2600,PHI@HOU,PHI,HOU,,,,,,C/1B/3B/UTIL
118238-211919,1B/3B/OF,Eric,Eric Wagaman,Wagaman,7.909722222222222,72,2600,MIA@SF,MIA,SF,,,,,,C/1B/3B/OF/UTIL
118238-68563,OF,Victor,Victor Robles,Robles,8.609999847412109,10,2600,SEA@MIN,SEA,MIN,IL,Shoulder,,,,OF/UTIL
118238-52182,C,Reese,Reese McGuire,McGuire,10.042857578822545,14,2600,CHC@STL,CHC,STL,,,,,,C/1B/UTIL
118238-146690,3B/2B/OF,Nick,Nick Loftin,Loftin,6.363157975046258,19,2600,TB@KC,KC,TB,,,,,,2B/3B/OF/UTIL
118238-79122,OF,Nolan,Nolan Jones,Jones,5.41142839704241,70,2600,TOR@CLE,CLE,TOR,,,,,,OF/UTIL
118238-79181,2B/3B/OF,Mauricio,Mauricio Dubon,Dubon,6.0666664525082235,57,2600,PHI@HOU,HOU,PHI,,,,,,2B/3B/OF/UTIL
118238-79195,OF/1B/3B,Miguel,Miguel Andujar,Andujar,7.995651908542799,46,2600,ATH@DET,ATH,DET,IL,Oblique,,,,C/1B/3B/OF/UTIL
118238-21875,OF,Max,Max Kepler,Kepler,7.885915836817782,71,2600,PHI@HOU,PHI,HOU,,,,,,OF/UTIL
118238-79225,3B/2B,Luis,Luis Urias,Urias,7.075384521484375,65,2600,ATH@DET,ATH,DET,,,,,,2B/3B/UTIL
118238-21890,SS/1B/3B/2B,Orlando,Orlando Arcia,Arcia,3.765625,32,2600,LAD@COL,COL,LAD,,,,,,C/1B/2B/3B/SS/UTIL
118238-79249,OF,Harrison,Harrison Bader,Bader,7.245833502875434,72,2600,SEA@MIN,MIN,SEA,,,,,,OF/UTIL
118238-101844,OF,Lane,Lane Thomas,Thomas,6.109677222467238,31,2600,TOR@CLE,CLE,TOR,,,,,,OF/UTIL
118238-220835,C/1B,Liam,Liam Hicks,Hicks,7.584000244140625,50,2600,MIA@SF,MIA,SF,,,,,,C/1B/UTIL
118238-165557,1B/2B,Colt,Colt Keith,Keith,7.318309515294894,71,2600,ATH@DET,DET,ATH,,,,,,C/1B/2B/UTIL
118238-165686,3B/SS/2B/1B,Casey,Casey Schmitt,Schmitt,7.70882370892693,34,2600,MIA@SF,SF,MIA,DTD,Wrist,,,,C/1B/2B/3B/SS/UTIL
118238-102326,1B/2B/3B/OF,Kody,Kody Clemens,Clemens,6.774999765249399,52,2600,SEA@MIN,MIN,SEA,,,,,,C/1B/2B/3B/OF/UTIL
118238-102461,SS,Aaron,Aaron Bracho,Bracho,,0,2500,LAD@COL,LAD,COL,,,,,,SS/UTIL
118238-135364,OF,Jordan,Jordan Walker,Walker,6.612727494673296,55,2500,CHC@STL,STL,CHC,IL,Chest,,,,OF/UTIL
118238-198877,3B,Matt,Matt Shaw,Shaw,7.515999755859375,50,2500,CHC@STL,CHC,STL,,,,,,3B/UTIL
118238-198892,OF,Josue,Josue De Paula,De Paula,,0,2500,LAD@COL,LAD,COL,,,,,,OF/UTIL
118238-198935,OF,Victor,Victor Scott II,Scott II,8.613333333333333,75,2500,CHC@STL,STL,CHC,,,,,,OF/UTIL
118238-135529,OF,Jake,Jake Vogel,Vogel,,0,2500,LAD@COL,LAD,COL,,,,,,OF/UTIL
118238-119335,3B/2B/SS,Aaron,Aaron Schunk,Schunk,2.0166667302449546,12,2500,LAD@COL,COL,LAD,,,,,,2B/3B/SS/UTIL
118238-119353,3B,Kody,Kody Hoese,Hoese,,0,2500,LAD@COL,LAD,COL,,,,,,3B/UTIL
118238-119363,OF,JJ,JJ Bleday,Bleday,7.929999796549479,60,2500,ATH@DET,ATH,DET,,,,,,OF/UTIL
118238-119364,OF,Kameron,Kameron Misner,Misner,6.569013998542033,71,2500,TB@KC,TB,KC,,,,,,OF/UTIL
118238-119412,2B/3B/1B,Owen,Owen Miller,Miller,2.7222222222222223,9,2500,LAD@COL,COL,LAD,,,,,,C/1B/2B/3B/UTIL
118238-82605,2B/1B,Keston,Keston Hiura,Hiura,4.637499809265137,8,2500,LAD@COL,COL,LAD,,,,,,C/1B/2B/UTIL
118238-82608,3B,Royce,Royce Lewis,Lewis,6.216666666666667,30,2500,SEA@MIN,MIN,SEA,IL,Hamstring,,,,3B/UTIL
118238-82655,C,Danny,Danny Jansen,Jansen,7.390740853768808,54,2500,TB@KC,TB,KC,,,,,,C/1B/UTIL
118238-203490,OF,Steward,Steward Berroa,Berroa,3.9250000544956754,28,2500,LAD@COL,LAD,COL,,,,,,OF/UTIL
118238-176937,C,Chuckie,Chuckie Robinson,Robinson,1.976923135610727,26,2500,LAD@COL,LAD,COL,,,,,,C/1B/UTIL
118238-195378,SS/2B/OF,Tyler,Tyler Fitzgerald,Fitzgerald,6.252631471868147,57,2500,MIA@SF,SF,MIA,,,,,,2B/SS/OF/UTIL
118238-170879,C,Chris,Chris Okey,Okey,0,2,2500,LAD@COL,LAD,COL,,,,,,C/1B/UTIL
118238-52147,1B/OF,Kris,Kris Bryant,Bryant,3.6272728659889917,11,2500,LAD@COL,COL,LAD,IL,Back,,,,C/1B/OF/UTIL
118238-80848,C,Victor,Victor Caratini,Caratini,6.850943511387087,53,2500,PHI@HOU,HOU,PHI,,,,,,C/1B/UTIL
118238-83051,2B/3B,David,David Bote,Bote,2.4051282833784056,39,2500,LAD@COL,LAD,COL,,,,,,2B/3B/UTIL
118238-171112,OF,Sean,Sean Bouchard,Bouchard,3.809375047683716,32,2500,LAD@COL,COL,LAD,,,,,,OF/UTIL
118238-109803,C,Austin,Austin Nola,Nola,0,1,2500,LAD@COL,COL,LAD,,,,,,C/1B/UTIL
118238-79087,1B,Michael,Michael Chavis,Chavis,0,1,2500,LAD@COL,LAD,COL,,,,,,C/1B/UTIL
118238-146680,C,Drew,Drew Romo,Romo,4.737500190734863,16,2500,LAD@COL,COL,LAD,,,,,,C/1B/UTIL
118238-197881,OF,Yanquiel,Yanquiel Fernandez,Fernandez,0,1,2500,LAD@COL,COL,LAD,,,,,,OF/UTIL
118238-146681,OF,Zac,Zac Veen,Veen,4.100000063578288,12,2500,LAD@COL,COL,LAD,,,,,,OF/UTIL
118238-79108,3B,Nick,Nick Senzel,Senzel,6.351351351351352,74,2500,LAD@COL,LAD,COL,,,,,,3B/UTIL
118238-197915,C,Hunter,Hunter Feduccia,Feduccia,1.5,2,2500,LAD@COL,LAD,COL,,,,,,C/1B/UTIL
118238-185632,C/1B/OF,David,David Fry,Fry,4.005882263183594,17,2500,TOR@CLE,CLE,TOR,,,,,,C/1B/OF/UTIL
118238-79154,OF,Brandon,Brandon Marsh,Marsh,6.254237288135593,59,2500,PHI@HOU,PHI,HOU,,,,,,OF/UTIL
118238-79247,3B/SS/2B/OF,Edmundo,Edmundo Sosa,Sosa,6.107316924304497,41,2500,PHI@HOU,PHI,HOU,,,,,,2B/3B/SS/OF/UTIL
118238-181662,OF,Nathan,Nathan Lukes,Lukes,6.551851625795718,54,2500,TOR@CLE,TOR,CLE,,,,,,OF/UTIL
118238-181797,3B,Warming,Warming Bernabel,Bernabel,,0,2500,LAD@COL,COL,LAD,,,,,,3B/UTIL
118238-222791,OF,Zyhir,Zyhir Hope,Hope,,0,2500,LAD@COL,LAD,COL,,,,,,OF/UTIL
118238-222788,SS,Alex,Alex Freeland,Freeland,,0,2500,LAD@COL,LAD,COL,,,,,,SS/UTIL
118238-222793,OF,Robert,Robert Calaz,Calaz,,0,2500,LAD@COL,COL,LAD,,,,,,OF/UTIL
118238-222792,OF,Charlie,Charlie Condon,Condon,,0,2500,LAD@COL,COL,LAD,,,,,,OF/UTIL
118238-222806,1B/OF,Jac,Jac Caglianone,Caglianone,5.505263077585321,19,2500,TB@KC,KC,TB,,,,,,C/1B/OF/UTIL
118238-165526,OF,Benny,Benny Montgomery,Montgomery,,0,2500,LAD@COL,COL,LAD,,,,,,OF/UTIL
118238-165530,SS/2B,Adael,Adael Amador,Amador,3.797059003044577,34,2500,LAD@COL,COL,LAD,,,,,,2B/SS/UTIL
118238-165532,3B,Julio,Julio Carreras,Carreras,0,1,2500,LAD@COL,COL,LAD,,,,,,3B/UTIL
118238-165590,SS,Wilman,Wilman Diaz,Diaz,,0,2500,LAD@COL,LAD,COL,,,,,,SS/UTIL
118238-81622,C,Mitch,Mitch Garver,Garver,6.44545468417081,44,2500,SEA@MIN,SEA,MIN,,,,,,C/1B/UTIL
118238-165593,OF,Jose,Jose Ramos,Ramos,0,2,2500,LAD@COL,LAD,COL,,,,,,OF/UTIL
118238-165598,C,Jesus,Jesus Galiz,Galiz,,0,2500,LAD@COL,LAD,COL,IL,Undisclosed,,,,C/1B/UTIL
118238-165619,SS,Noah,Noah Miller,Miller,,0,2500,LAD@COL,LAD,COL,,,,,,SS/UTIL
118238-165633,SS,Trey,Trey Sweeney,Sweeney,6.06999991280692,70,2500,ATH@DET,DET,ATH,,,,,,SS/UTIL
118238-165641,SS/2B/3B,Max,Max Muncy,Muncy,6.2450000762939455,40,2500,ATH@DET,ATH,DET,,,,,,2B/3B/SS/UTIL
118238-163691,OF,James,James Outman,Outman,7.333333333333333,9,2500,LAD@COL,LAD,COL,,,,,,OF/UTIL
118238-102392,OF,Esteury,Esteury Ruiz,Ruiz,5.896551724137931,29,2500,LAD@COL,LAD,COL,,,,,,OF/UTIL
118238-135190,SS,Taylor,Taylor Walls,Walls,6.708955223880597,67,2400,TB@KC,TB,KC,,,,,,SS/UTIL
118238-223299,3B,Ben,Ben Williamson,Williamson,6.317543966728344,57,2400,SEA@MIN,SEA,MIN,,,,,,3B/UTIL
118238-102485,OF,Kyle,Kyle Isbel,Isbel,4.807042081591109,71,2400,TB@KC,KC,TB,,,,,,OF/UTIL
118238-198888,OF,Jacob,Jacob Melton,Melton,7.418181679465554,11,2400,PHI@HOU,HOU,PHI,IL,Ankle,,,,OF/UTIL
118238-119318,2B/3B/OF,Christopher,Christopher Morel,Morel,7.068965517241379,58,2400,TB@KC,TB,KC,,,,,,2B/3B/OF/UTIL
118238-156224,C,Willie,Willie MacIver,MacIver,5.53999989827474,15,2400,ATH@DET,ATH,DET,,,,,,C/1B/UTIL
118238-82661,OF,Daniel,Daniel Johnson,Johnson,4.754545385187322,11,2400,MIA@SF,SF,MIA,,,,,,OF/UTIL
118238-183092,OF,Jonatan,Jonatan Clase,Clase,6.417241589776401,29,2400,TOR@CLE,TOR,CLE,,,,,,OF/UTIL
118238-189314,OF,Justyn-Henry,Justyn-Henry Malloy,Malloy,5.302222357855903,45,2400,ATH@DET,DET,ATH,,,,,,OF/UTIL
118238-13412,3B/1B,Donovan,Donovan Solano,Solano,4.6239129771357,46,2400,SEA@MIN,SEA,MIN,,,,,,C/1B/3B/UTIL
118238-60636,OF,Derek,Derek Hill,Hill,8.291304215140965,23,2400,MIA@SF,MIA,SF,IL,Wrist,,,,OF/UTIL
118238-197908,C,Pedro,Pedro Pages,Pages,6.354098460713371,61,2400,CHC@STL,STL,CHC,,,,,,C/1B/UTIL
118238-79153,2B/OF,Jahmai,Jahmai Jones,Jones,6.353333536783854,15,2400,ATH@DET,DET,ATH,,,,,,2B/OF/UTIL
118238-165645,OF,Denzel,Denzel Clarke,Clarke,5.741379310344827,29,2400,ATH@DET,ATH,DET,,,,,,OF/UTIL
118238-208716,1B/OF,Zach,Zach Dezenzo,Dezenzo,6.952940996955423,34,2400,PHI@HOU,HOU,PHI,IL,Hand,,,,C/1B/OF/UTIL
118238-102288,OF,Drew,Drew Waters,Waters,5.800000190734863,64,2400,TB@KC,KC,TB,,,,,,OF/UTIL
118238-192426,2B/OF,Davis,Davis Schneider,Schneider,5.328571501232329,21,2400,TOR@CLE,TOR,CLE,,,,,,2B/OF/UTIL
118238-102475,SS,Brayan,Brayan Rocchio,Rocchio,4.188571602957589,35,2300,TOR@CLE,CLE,TOR,,,,,,SS/UTIL
118238-6312,1B/3B,Justin,Justin Turner,Turner,4.461904616582961,42,2300,CHC@STL,CHC,STL,,,,,,C/1B/3B/UTIL
118238-211756,SS/2B/OF,Javier,Javier Sanoja,Sanoja,5.149180427926486,61,2300,MIA@SF,MIA,SF,,,,,,2B/SS/OF/UTIL
118238-154422,OF/3B,Matt,Matt Vierling,Vierling,3.25,4,2300,ATH@DET,DET,ATH,IL,Shoulder,,,,3B/OF/UTIL
118238-211906,3B/2B/SS,Thomas,Thomas Saggese,Saggese,6.6058825324563415,17,2300,CHC@STL,STL,CHC,,,,,,2B/3B/SS/UTIL
118238-68582,2B,Brendan,Brendan Rodgers,Rodgers,4.858139392941497,43,2300,PHI@HOU,HOU,PHI,IL,Oblique,,,,2B/UTIL
118238-97257,OF,Myles,Myles Straw,Straw,4.72258044827369,62,2300,TOR@CLE,TOR,CLE,,,,,,OF/UTIL
118238-38112,1B/3B,Gio,Gio Urshela,Urshela,5.7085715157645085,35,2300,ATH@DET,ATH,DET,,,,,,C/1B/3B/UTIL
118238-79152,C,Matt,Matt Thaiss,Thaiss,6.544444444444444,45,2300,TB@KC,TB,KC,,,,,,C/1B/UTIL
118238-136504,C,Patrick,Patrick Bailey,Bailey,5.085483674080141,62,2300,MIA@SF,SF,MIA,,,,,,C/1B/UTIL
118238-197974,3B,Jace,Jace Jung,Jung,4.172222137451172,18,2300,ATH@DET,DET,ATH,,,,,,3B/UTIL
118238-79263,OF,Leody,Leody Taveras,Taveras,5.622413898336476,58,2300,SEA@MIN,SEA,MIN,,,,,,OF/UTIL
118238-173548,2B/OF,Michael,Michael Massey,Massey,4.607142857142857,56,2300,TB@KC,KC,TB,IL,Ankle,,,,2B/OF/UTIL
118238-13858,C,Christian,Christian Vazquez,Vazquez,4.726190476190476,42,2300,SEA@MIN,MIN,SEA,,,,,,C/1B/UTIL
118238-222844,SS/2B,Cole,Cole Young,Young,5.795000076293945,20,2300,SEA@MIN,SEA,MIN,,,,,,2B/SS/UTIL
118238-222879,OF,Alan,Alan Roden,Roden,4.473170582841083,41,2300,TOR@CLE,TOR,CLE,,,,,,OF/UTIL
118238-165643,2B,Zack,Zack Gelof,Gelof,8.547101449275363,138,2300,ATH@DET,ATH,DET,IL,Ribs,,,,2B/UTIL
118238-165648,OF,Johan,Johan Rojas,Rojas,5.153448170629041,58,2300,PHI@HOU,PHI,HOU,,,,,,OF/UTIL
118238-165701,3B/2B/1B,Curtis,Curtis Mead,Mead,5.665116421011991,43,2300,TB@KC,TB,KC,,,,,,C/1B/2B/3B/UTIL
118238-180208,2B/3B/SS/OF,Miles,Miles Mastrobuoni,Mastrobuoni,4.532758515456627,58,2300,SEA@MIN,SEA,MIN,,,,,,2B/3B/SS/OF/UTIL
118238-102406,2B/SS/3B/OF,Vidal,Vidal Brujan,Brujan,2.36,25,2200,CHC@STL,CHC,STL,,,,,,2B/3B/SS/OF/UTIL
118238-135194,C,Freddy,Freddy Fermin,Fermin,4.965217258619226,46,2200,TB@KC,KC,TB,,,,,,C/1B/UTIL
118238-135216,OF,Chas,Chas McCormick,McCormick,2.4777776930067272,36,2200,PHI@HOU,HOU,PHI,IL,Oblique,,,,OF/UTIL
118238-172093,2B,Michael,Michael Stefanic,Stefanic,2.6888889736599393,9,2200,TOR@CLE,TOR,CLE,,,,,,2B/UTIL
118238-102518,3B/1B,Jose,Jose Miranda,Miranda,4.241666793823242,12,2200,SEA@MIN,MIN,SEA,,,,,,C/1B/3B/UTIL
118238-192649,OF/1B,Weston,Weston Wilson,Wilson,3.2545453851873223,22,2200,PHI@HOU,PHI,HOU,,,,,,C/1B/OF/UTIL
118238-82596,C,Jake,Jake Rogers,Rogers,5.177777608235677,18,2200,ATH@DET,DET,ATH,,,,,,C/1B/UTIL
118238-119621,OF,Luis,Luis Matos,Matos,6.470833460489909,24,2200,MIA@SF,SF,MIA,,,,,,OF/UTIL
118238-101276,2B/3B,Jon,Jon Berti,Berti,4.3179485614483175,39,2200,CHC@STL,CHC,STL,,,,,,2B/3B/UTIL
118238-38004,C,Austin,Austin Hedges,Hedges,3.9310344827586206,29,2200,TOR@CLE,CLE,TOR,,,,,,C/1B/UTIL
118238-54401,OF,Manuel,Manuel Margot,Margot,5.283333460489909,6,2200,ATH@DET,DET,ATH,,,,,,OF/UTIL
118238-21666,OF/1B,Mark,Mark Canha,Canha,3.6000001488662345,41,2200,TB@KC,KC,TB,,,,,,C/1B/OF/UTIL
118238-71217,C,Omar,Omar Narvaez,Narvaez,6.425000190734863,4,2200,PHI@HOU,HOU,PHI,,,,,,C/1B/UTIL
118238-222887,SS/2B,Christian,Christian Koss,Koss,4.466666751437717,36,2200,MIA@SF,SF,MIA,,,,,,2B/SS/UTIL
118238-116450,OF,Seth,Seth Brown,Brown,3.149999919690584,38,2200,ATH@DET,ATH,DET,IL,Elbow,,,,OF/UTIL
118238-200498,SS/3B/2B/OF,Max,Max Schuemann,Schuemann,3.5833333333333335,54,2200,ATH@DET,ATH,DET,,,,,,2B/3B/SS/OF/UTIL
118238-165703,OF,Heriberto,Heriberto Hernandez,Hernandez,7.5235295015222885,17,2200,MIA@SF,MIA,SF,,,,,,OF/UTIL
118238-163668,OF/2B/3B,Richie,Richie Palacios,Palacios,21.200000762939453,1,2200,TB@KC,TB,KC,IL,Knee,,,,2B/3B/OF/UTIL
118238-163672,3B/1B,Jonah,Jonah Bride,Bride,3.160464974336846,43,2200,SEA@MIN,MIN,SEA,,,,,,C/1B/3B/UTIL
118238-163704,OF,Cooper,Cooper Hummel,Hummel,5.918181679465554,11,2200,PHI@HOU,HOU,PHI,,,,,,OF/UTIL
118238-159624,C,Yohel,Yohel Pozo,Pozo,5.662962736906828,27,2200,CHC@STL,STL,CHC,,,,,,C/1B/UTIL
118238-161677,C,Nick,Nick Fortes,Fortes,4.7375,40,2200,MIA@SF,MIA,SF,,,,,,C/1B/UTIL
118238-102307,2B/SS/OF,Jose,Jose Barrero,Barrero,2.4227272380482066,22,2200,CHC@STL,STL,CHC,,,,,,2B/SS/OF/UTIL
118238-102349,SS/2B,Leo,Leo Rivas,Rivas,5.8600001017252605,30,2200,SEA@MIN,SEA,MIN,,,,,,2B/SS/UTIL
118238-102411,C,Andrew,Andrew Knizner,Knizner,3.4555555979410806,9,2100,MIA@SF,SF,MIA,,,,,,C/1B/UTIL
118238-102454,C,Jhonny,Jhonny Pereda,Pereda,3.426315709164268,19,2100,ATH@DET,ATH,DET,,,,,,C/1B/UTIL
118238-225386,OF,Chandler,Chandler Simpson,Simpson,9.483783618823901,37,2100,TB@KC,TB,KC,,,,,,OF/UTIL
118238-184480,C,Cesar,Cesar Salazar,Salazar,0.5,6,2100,PHI@HOU,HOU,PHI,,,,,,C/1B/UTIL
118238-102578,OF,Griffin,Griffin Conine,Conine,8.075,20,2100,MIA@SF,MIA,SF,IL,Shoulder,,,,OF/UTIL
118238-209179,1B/2B/3B,Will,Will Wagner,Wagner,4.44000015258789,20,2100,TOR@CLE,TOR,CLE,,,,,,C/1B/2B/3B/UTIL
118238-135524,OF/2B,Austin,Austin Martin,Martin,5.78494623655914,93,2100,SEA@MIN,MIN,SEA,IL,Hamstring,,,,2B/OF/UTIL
118238-119401,C,Rafael,Rafael Marchan,Marchan,4.825,20,2100,PHI@HOU,PHI,HOU,,,,,,C/1B/UTIL
118238-82563,2B/SS/OF,Garrett,Garrett Hampson,Hampson,3.607142857142857,28,2100,CHC@STL,STL,CHC,,,,,,2B/SS/OF/UTIL
118238-119428,2B/3B,Will,Will Wilson,Wilson,2.9125000635782876,24,2100,TOR@CLE,CLE,TOR,,,,,,2B/3B/UTIL
118238-164498,2B,Ryan,Ryan Bliss,Bliss,6.427272449840199,11,2100,SEA@MIN,SEA,MIN,IL,Biceps,,,,2B/UTIL
118238-82616,2B/3B/SS,Luis,Luis Guillorme,Guillorme,1.355555534362793,9,2100,PHI@HOU,HOU,PHI,,,,,,2B/3B/SS/UTIL
118238-197753,OF,Johnathan,Johnathan Rodriguez,Rodriguez,3.792307633620042,13,2100,TOR@CLE,CLE,TOR,,,,,,OF/UTIL
118238-79267,2B/3B,Andy,Andy Ibanez,Ibanez,5.180434848951257,46,2100,ATH@DET,DET,ATH,,,,,,2B/3B/UTIL
118238-181806,OF,Jonny,Jonny DeLuca,DeLuca,9.144444783528646,9,2100,TB@KC,TB,KC,IL,Shoulder,,,,OF/UTIL
118238-181814,2B,Edouard,Edouard Julien,Julien,6.089655382879849,29,2100,SEA@MIN,MIN,SEA,,,,,,2B/UTIL
118238-226912,OF,John,John Rave,Rave,3.222727342085405,22,2100,TB@KC,KC,TB,,,,,,OF/UTIL
118238-102403,SS/2B,Marco,Marco Luciano,Luciano,4.362068965517241,29,2000,MIA@SF,SF,MIA,,,,,,2B/SS/UTIL
118238-102413,1B,Luken,Luken Baker,Baker,3.7157893933747945,19,2000,CHC@STL,STL,CHC,,,,,,C/1B/UTIL
118238-102425,SS,Orelvis,Orelvis Martinez,Martinez,1.5,2,2000,TOR@CLE,TOR,CLE,,,,,,SS/UTIL
118238-102427,3B,Jordan,Jordan Groshans,Groshans,,0,2000,TB@KC,KC,TB,,,,,,3B/UTIL
118238-102453,SS/2B/3B,Zack,Zack Short,Short,3.388372022052144,43,2000,PHI@HOU,HOU,PHI,,,,,,2B/3B/SS/UTIL
118238-135239,2B/SS/3B,Rodolfo,Rodolfo Castro,Castro,0,2,2000,PHI@HOU,PHI,HOU,,,,,,2B/3B/SS/UTIL
118238-135255,C,Brian,Brian Navarreto,Navarreto,,0,2000,MIA@SF,MIA,SF,,,,,,C/1B/UTIL
118238-135263,C,Brian,Brian O'Keefe,O'Keefe,,0,2000,TB@KC,KC,TB,,,,,,C/1B/UTIL
118238-135267,2B,Kaden,Kaden Polcovich,Polcovich,,0,2000,SEA@MIN,SEA,MIN,,,,,,2B/UTIL
118238-135265,1B,Austin,Austin Shenton,Shenton,4.7549999237060545,20,2000,SEA@MIN,SEA,MIN,,,,,,C/1B/UTIL
118238-82021,C,Tomas,Tomas Nido,Nido,5.345454476096413,11,2000,ATH@DET,DET,ATH,,,,,,C/1B/UTIL
118238-102519,3B,Andrew,Andrew Bechtold,Bechtold,,0,2000,PHI@HOU,PHI,HOU,,,,,,3B/UTIL
118238-102521,C,Josh,Josh Breaux,Breaux,,0,2000,PHI@HOU,PHI,HOU,,,,,,C/1B/UTIL
118238-102520,2B,Yunior,Yunior Severino,Severino,0,1,2000,SEA@MIN,MIN,SEA,,,,,,2B/UTIL
118238-135302,OF,Brayan,Brayan Buelvas,Buelvas,,0,2000,ATH@DET,ATH,DET,,,,,,OF/UTIL
118238-198803,3B,Damiano,Damiano Palmegiani,Palmegiani,,0,2000,TOR@CLE,TOR,CLE,,,,,,3B/UTIL
118238-102579,SS/2B,Leo,Leo Jimenez,Jimenez,6.251562595367432,64,2000,TOR@CLE,TOR,CLE,,,,,,2B/SS/UTIL
118238-102584,C,Tres,Tres Barrera,Barrera,,0,2000,TB@KC,TB,KC,,,,,,C/1B/UTIL
118238-102588,OF,Brewer,Brewer Hicklen,Hicklen,21.399999618530273,1,2000,ATH@DET,DET,ATH,,,,,,OF/UTIL
118238-194773,C,Logan,Logan Porter,Porter,3.779999923706055,5,2000,MIA@SF,SF,MIA,,,,,,C/1B/UTIL
118238-198875,OF,Chase,Chase DeLauter,DeLauter,,0,2000,TOR@CLE,CLE,TOR,,,,,,OF/UTIL
118238-198884,OF,Max,Max Clark,Clark,,0,2000,ATH@DET,DET,ATH,,,,,,OF/UTIL
118238-198895,OF,Walker,Walker Jenkins,Jenkins,,0,2000,SEA@MIN,MIN,SEA,,,,,,OF/UTIL
118238-213262,C,Caleb,Caleb Knight,Knight,,0,2000,CHC@STL,CHC,STL,,,,,,C/1B/UTIL
118238-198931,SS,Felnin,Felnin Celesten,Celesten,,0,2000,SEA@MIN,SEA,MIN,,,,,,SS/UTIL
118238-198932,1B,Xavier,Xavier Isaac,Isaac,,0,2000,TB@KC,TB,KC,,,,,,C/1B/UTIL
118238-198937,OF,Bryce,Bryce Eldridge,Eldridge,,0,2000,MIA@SF,SF,MIA,DTD,Hamstring,,,,OF/UTIL
118238-209177,C/2B/1B,Mickey,Mickey Gasper,Gasper,3.676470588235294,17,2000,SEA@MIN,MIN,SEA,IL,Foot,,,,C/1B/2B/UTIL
118238-170321,C,Brian,Brian Serven,Serven,3.196551618904903,29,2000,ATH@DET,DET,ATH,,,,,,C/1B/UTIL
118238-170350,OF,Dairon,Dairon Blanco,Blanco,3.7666668362087674,9,2000,TB@KC,KC,TB,,,,,,OF/UTIL
118238-211339,C,Logan,Logan Driscoll,Driscoll,3.593333435058594,15,2000,TB@KC,TB,KC,IL,Ankle,,,,C/1B/UTIL
118238-180694,OF,Cade,Cade Marlowe,Marlowe,1.355555534362793,9,2000,SEA@MIN,SEA,MIN,IL,Undisclosed,,,,OF/UTIL
118238-135646,C,Carson,Carson Taylor,Taylor,,0,2000,PHI@HOU,PHI,HOU,IL,Undisclosed,,,,C/1B/UTIL
118238-84471,OF,Nick,Nick Martini,Martini,3.631818251176314,44,2000,ATH@DET,ATH,DET,,,,,,OF/UTIL
118238-96765,C,Joe,Joe Hudson,Hudson,0,1,2000,PHI@HOU,HOU,PHI,,,,,,C/1B/UTIL
118238-219661,SS,Jared,Jared Serna,Serna,,0,2000,MIA@SF,MIA,SF,,,,,,SS/UTIL
118238-119314,C,Ethan,Ethan Hearn,Hearn,,0,2000,CHC@STL,CHC,STL,,,,,,C/1B/UTIL
118238-219664,OF,Matt,Matt Koperniak,Koperniak,,0,2000,CHC@STL,STL,CHC,,,,,,OF/UTIL
118238-119320,2B,Chase,Chase Strumpf,Strumpf,,0,2000,CHC@STL,CHC,STL,,,,,,2B/UTIL
118238-119332,SS,Yordys,Yordys Valdes,Valdes,,0,2000,TOR@CLE,CLE,TOR,,,,,,SS/UTIL
118238-201253,OF,Joey,Joey Loperfido,Loperfido,6.10246898509838,81,2000,TOR@CLE,TOR,CLE,,,,,,OF/UTIL
118238-16946,1B,Jon,Jon Singleton,Singleton,6.964754198418289,122,2000,PHI@HOU,HOU,PHI,,,,,,C/1B/UTIL
118238-219704,SS,Ben,Ben Cowles,Cowles,,0,2000,CHC@STL,CHC,STL,,,,,,SS/UTIL
118238-156226,OF,Pedro,Pedro Leon,Leon,3.4571429661342075,7,2000,PHI@HOU,HOU,PHI,IL,Knee,,,,OF/UTIL
118238-119366,OF/1B,Jerar,Jerar Encarnacion,Encarnacion,2.2750000953674316,8,2000,MIA@SF,SF,MIA,IL,Oblique,,,,C/1B/OF/UTIL
118238-119371,2B,Devin,Devin Mann,Mann,,0,2000,MIA@SF,SF,MIA,,,,,,2B/UTIL
118238-119370,SS,Will,Will Holland,Holland,,0,2000,SEA@MIN,MIN,SEA,,,,,,SS/UTIL
118238-119390,OF,Kevin,Kevin Alcantara,Alcantara,2.066666603088379,3,2000,CHC@STL,CHC,STL,,,,,,OF/UTIL
118238-119393,SS,Robert,Robert Puason,Puason,,0,2000,ATH@DET,ATH,DET,,,,,,SS/UTIL
118238-82531,C,Andy,Andy Yerzy,Yerzy,,0,2000,CHC@STL,STL,CHC,,,,,,C/1B/UTIL
118238-119394,SS,Logan,Logan Davidson,Davidson,3.466666751437717,9,2000,ATH@DET,ATH,DET,,,,,,SS/UTIL
118238-119419,OF,Hunter,Hunter Bishop,Bishop,,0,2000,MIA@SF,SF,MIA,,,,,,OF/UTIL
118238-119418,OF,Jairo,Jairo Pomares,Pomares,,0,2000,MIA@SF,SF,MIA,,,,,,OF/UTIL
118238-82556,OF,Taylor,Taylor Trammell,Trammell,3,1,2000,PHI@HOU,HOU,PHI,,,,,,OF/UTIL
118238-119424,C,Julio E.,Julio E. Rodriguez,Rodriguez,,0,2000,SEA@MIN,SEA,MIN,,,,,,C/1B/UTIL
118238-119432,SS,Greg,Greg Jones,Jones,2,3,2000,PHI@HOU,HOU,PHI,,,,,,SS/UTIL
118238-201354,3B,Brett,Brett Harris,Harris,6.333333333333333,36,2000,ATH@DET,ATH,DET,,,,,,3B/UTIL
118238-176777,OF,Cal,Cal Stevenson,Stevenson,1.9,5,2000,PHI@HOU,PHI,HOU,,,,,,OF/UTIL
118238-119436,SS,Maximo,Maximo Acosta,Acosta,,0,2000,MIA@SF,MIA,SF,,,,,,SS/UTIL
118238-119439,C,Sam,Sam Huff,Huff,4.8,20,2000,MIA@SF,SF,MIA,,,,,,C/1B/UTIL
118238-203418,2B/3B/1B/OF,Armando,Armando Alvarez,Alvarez,4.462500095367432,16,2000,SEA@MIN,MIN,SEA,,,,,,C/1B/2B/3B/OF/UTIL
118238-203417,C,Nick,Nick Raposo,Raposo,,0,2000,SEA@MIN,SEA,MIN,,,,,,C/1B/UTIL
118238-82586,OF,MJ,MJ Melendez,Melendez,3.456249952316284,16,2000,TB@KC,KC,TB,,,,,,OF/UTIL
118238-82589,OF/1B,Nick,Nick Pratto,Pratto,0,2,2000,TB@KC,KC,TB,,,,,,C/1B/OF/UTIL
118238-164519,3B,Alex,Alex Binelas,Binelas,,0,2000,PHI@HOU,PHI,HOU,,,,,,3B/UTIL
118238-211631,OF,DaShawn,DaShawn Keirsey Jr.,Keirsey Jr.,2.1080000305175783,50,2000,SEA@MIN,MIN,SEA,,,,,,OF/UTIL
118238-164527,SS,Cristian,Cristian Hernandez,Hernandez,,0,2000,CHC@STL,CHC,STL,,,,,,SS/UTIL
118238-199342,3B,Graham,Graham Pauley,Pauley,4.4178570338657925,28,2000,MIA@SF,MIA,SF,,,,,,3B/UTIL
118238-82611,OF,Akil,Akil Baddoo,Baddoo,3.0714285714285716,7,2000,ATH@DET,DET,ATH,,,,,,OF/UTIL
118238-164528,SS,James,James Triantos,Triantos,,0,2000,CHC@STL,CHC,STL,,,,,,SS/UTIL
118238-164533,OF,Yohendrick,Yohendrick Pinango,Pinango,,0,2000,TOR@CLE,TOR,CLE,,,,,,OF/UTIL
118238-21183,C/1B,Carlos,Carlos Perez,Perez,,0,2000,CHC@STL,CHC,STL,,,,,,C/1B/UTIL
118238-103125,2B/SS/OF,Jack,Jack Lopez,Lopez,3.8551725190261315,29,2000,SEA@MIN,SEA,MIN,,,,,,2B/SS/OF/UTIL
118238-13054,C,Rob,Rob Brantly,Brantly,4.166666666666667,3,2000,MIA@SF,MIA,SF,IL,Lat,,,,C/1B/UTIL
118238-209703,OF,Grant,Grant McCray,McCray,7.17837854333826,37,2000,MIA@SF,SF,MIA,,,,,,OF/UTIL
118238-193328,OF,Wade,Wade Meckler,Meckler,0,2,2000,MIA@SF,SF,MIA,,,,,,OF/UTIL
118238-119627,OF,Erick,Erick Pena,Pena,,0,2000,TB@KC,KC,TB,,,,,,OF/UTIL
118238-119633,OF,Misael,Misael Urbina,Urbina,,0,2000,SEA@MIN,MIN,SEA,,,,,,OF/UTIL
118238-82824,1B,Mike,Mike Ford,Ford,3.600000080309416,19,2000,SEA@MIN,MIN,SEA,,,,,,C/1B/UTIL
118238-52157,C,Tom,Tom Murphy,Murphy,3.7571427481515065,14,2000,MIA@SF,SF,MIA,IL,Back,,,,C/1B/UTIL
118238-97291,2B,Harold,Harold Castro,Castro,,0,2000,TB@KC,KC,TB,,,,,,2B/UTIL
118238-13326,C,Christian,Christian Bethancourt,Bethancourt,5.056250095367432,64,2000,TOR@CLE,TOR,CLE,,,,,,C/1B/UTIL
118238-13343,2B,Dixon,Dixon Machado,Machado,,0,2000,CHC@STL,CHC,STL,,,,,,2B/UTIL
118238-171128,3B/2B,Buddy,Buddy Kennedy,Kennedy,1,3,2000,PHI@HOU,PHI,HOU,,,,,,2B/3B/UTIL
118238-13436,C,Max,Max Stassi,Stassi,0,1,2000,MIA@SF,SF,MIA,,,,,,C/1B/UTIL
118238-197761,C,Jair,Jair Camargo,Camargo,1.0333333015441895,6,2000,SEA@MIN,MIN,SEA,,,,,,C/1B/UTIL
118238-197764,C,Blake,Blake Hunt,Hunt,0,1,2000,SEA@MIN,SEA,MIN,,,,,,C/1B/UTIL
118238-83143,OF,Oscar,Oscar Mercado,Mercado,0,1,2000,PHI@HOU,PHI,HOU,,,,,,OF/UTIL
118238-187594,2B/3B,Coco,Coco Montes,Montes,1.9,5,2000,TB@KC,TB,KC,,,,,,2B/3B/UTIL
118238-79075,SS,Kevin,Kevin Maitan,Maitan,,0,2000,SEA@MIN,MIN,SEA,,,,,,SS/UTIL
118238-83174,3B,Sergio,Sergio Alcantara,Alcantara,0,2,2000,MIA@SF,SF,MIA,,,,,,3B/UTIL
118238-60652,2B,Christian,Christian Arroyo,Arroyo,,0,2000,PHI@HOU,PHI,HOU,,,,,,2B/UTIL
118238-146674,OF,Owen,Owen Caissie,Caissie,,0,2000,CHC@STL,CHC,STL,,,,,,OF/UTIL
118238-146672,SS,Reginald,Reginald Preciado,Preciado,,0,2000,CHC@STL,CHC,STL,,,,,,SS/UTIL
118238-146673,SS,Ed,Ed Howard,Howard,,0,2000,CHC@STL,CHC,STL,,,,,,SS/UTIL
118238-79093,OF,Eloy,Eloy Jimenez,Jimenez,5.833333333333333,99,2000,TB@KC,TB,KC,,,,,,OF/UTIL
118238-197883,OF,Kenedy,Kenedy Corona,Corona,0,1,2000,PHI@HOU,HOU,PHI,,,,,,OF/UTIL
118238-146686,OF,Colin,Colin Barber,Barber,,0,2000,PHI@HOU,HOU,PHI,,,,,,OF/UTIL
118238-146685,OF,Daniel,Daniel Cabrera,Cabrera,,0,2000,ATH@DET,DET,ATH,,,,,,OF/UTIL
118238-197895,OF,Tyler,Tyler Gentry,Gentry,0,4,2000,TB@KC,KC,TB,,,,,,OF/UTIL
118238-79115,OF,Greg,Greg Allen,Allen,0,3,2000,CHC@STL,CHC,STL,,,,,,OF/UTIL
118238-146696,SS,Alex,Alex De Jesus,De Jesus,,0,2000,TOR@CLE,TOR,CLE,,,,,,SS/UTIL
118238-146703,1B,Aaron,Aaron Sabato,Sabato,,0,2000,SEA@MIN,MIN,SEA,,,,,,C/1B/UTIL
118238-197904,SS/3B,Darell,Darell Hernaiz,Hernaiz,4.012245022520727,49,2000,ATH@DET,ATH,DET,,,,,,3B/SS/UTIL
118238-79128,C,Garrett,Garrett Stubbs,Stubbs,5.580701861465187,57,2000,PHI@HOU,PHI,HOU,,,,,,C/1B/UTIL
118238-197912,OF,Jacob,Jacob Hurtubise,Hurtubise,1.8000000317891438,12,2000,SEA@MIN,SEA,MIN,,,,,,OF/UTIL
118238-85277,2B/OF/1B/3B,Cavan,Cavan Biggio,Biggio,3.573684290835732,38,2000,TB@KC,KC,TB,,,,,,C/1B/2B/3B/OF/UTIL
118238-146719,OF,Junior,Junior Perez,Perez,,0,2000,ATH@DET,ATH,DET,,,,,,OF/UTIL
118238-197917,OF,Victor,Victor Mesa Jr.,Mesa Jr.,3.924999952316284,4,2000,MIA@SF,MIA,SF,,,,,,OF/UTIL
118238-79174,C,Jacob,Jacob Nottingham,Nottingham,,0,2000,SEA@MIN,SEA,MIN,,,,,,C/1B/UTIL
118238-79190,C,Ben,Ben Rortvedt,Rortvedt,2.6692308279184194,26,2000,TB@KC,TB,KC,,,,,,C/1B/UTIL
118238-181596,2B/3B,Jose,Jose Fermin,Fermin,3,1,2000,CHC@STL,STL,CHC,,,,,,2B/3B/UTIL
118238-226686,OF,Rhylan,Rhylan Thomas,Thomas,7.466666539510091,3,2000,SEA@MIN,SEA,MIN,,,,,,OF/UTIL
118238-38293,OF,Tyler,Tyler Naquin,Naquin,,0,2000,TOR@CLE,CLE,TOR,,,,,,OF/UTIL
118238-79277,1B,Rowdy,Rowdy Tellez,Tellez,6.766129032258065,62,2000,SEA@MIN,SEA,MIN,,,,,,C/1B/UTIL
118238-118189,C,Ali,Ali Sanchez,Sanchez,1.8,5,2000,TOR@CLE,TOR,CLE,,,,,,C/1B/UTIL
118238-79279,OF,Andrew,Andrew Stevenson,Stevenson,,0,2000,TB@KC,TB,KC,,,,,,OF/UTIL
118238-171482,1B,Bligh,Bligh Madris,Madris,6.338095528738839,21,2000,ATH@DET,DET,ATH,,,,,,C/1B/UTIL
118238-155109,2B,Alejo,Alejo Lopez,Lopez,0,2,2000,ATH@DET,ATH,DET,,,,,,2B/UTIL
118238-226840,OF,Carson,Carson McCusker,McCusker,0.6,5,2000,SEA@MIN,MIN,SEA,,,,,,OF/UTIL
118238-181790,OF,Diego,Diego Hernandez,Hernandez,,0,2000,TB@KC,KC,TB,,,,,,OF/UTIL
118238-95772,C,Beau,Beau Taylor,Taylor,,0,2000,SEA@MIN,SEA,MIN,,,,,,C/1B/UTIL
118238-181818,2B,Juan,Juan Brito,Brito,0,3,2000,TOR@CLE,CLE,TOR,,,,,,2B/UTIL
118238-181820,OF/2B/SS,Brett,Brett Wisely,Wisely,1.6999999682108562,6,2000,MIA@SF,SF,MIA,,,,,,2B/SS/OF/UTIL
118238-222780,SS,Starlyn,Starlyn Caba,Caba,,0,2000,MIA@SF,MIA,SF,IL,Thumb,,,,SS/UTIL
118238-181824,SS,Osleivis,Osleivis Basabe,Basabe,0,1,2000,MIA@SF,SF,MIA,,,,,,SS/UTIL
118238-222785,2B,Luke,Luke Keaschall,Keaschall,14.400000435965401,7,2000,SEA@MIN,MIN,SEA,IL,Forearm,,,,2B/UTIL
118238-226888,2B,Ryan,Ryan Fitzgerald,Fitzgerald,1.600000023841858,2,2000,SEA@MIN,MIN,SEA,,,,,,2B/UTIL
118238-222799,C,Cooper,Cooper Ingle,Ingle,,0,2000,TOR@CLE,CLE,TOR,,,,,,C/1B/UTIL
118238-222798,1B,CJ,CJ Kayfus,Kayfus,,0,2000,TOR@CLE,CLE,TOR,,,,,,C/1B/UTIL
118238-167500,OF,Joey,Joey Wiemer,Wiemer,1.4476190294538225,21,2000,TB@KC,KC,TB,,,,,,OF/UTIL
118238-222797,2B,Travis,Travis Bazzana,Bazzana,,0,2000,TOR@CLE,CLE,TOR,IL,Oblique,,,,2B/UTIL
118238-222796,SS,Angel,Angel Genao,Genao,,0,2000,TOR@CLE,CLE,TOR,,,,,,SS/UTIL
118238-222801,OF,Jaison,Jaison Chourio,Chourio,,0,2000,TOR@CLE,CLE,TOR,,,,,,OF/UTIL
118238-222800,1B,Ralphy,Ralphy Velazquez,Velazquez,,0,2000,TOR@CLE,CLE,TOR,,,,,,C/1B/UTIL
118238-222805,C,Blake,Blake Mitchell,Mitchell,,0,2000,TB@KC,KC,TB,IL,Wrist,,,,C/1B/UTIL
118238-222811,SS,Bryce,Bryce Rainer,Rainer,,0,2000,ATH@DET,DET,ATH,IL,Shoulder,,,,SS/UTIL
118238-222810,SS,Kevin,Kevin McGonigle,McGonigle,,0,2000,ATH@DET,DET,ATH,,,,,,SS/UTIL
118238-222809,C,Josue,Josue Briceno,Briceno,,0,2000,ATH@DET,DET,ATH,,,,,,C/1B/UTIL
118238-222808,C,Thayron,Thayron Liranzo,Liranzo,,0,2000,ATH@DET,DET,ATH,,,,,,C/1B/UTIL
118238-222813,SS,Arjun,Arjun Nimmala,Nimmala,,0,2000,TOR@CLE,TOR,CLE,,,,,,SS/UTIL
118238-222835,C,Jimmy,Jimmy Crooks,Crooks,,0,2000,CHC@STL,STL,CHC,,,,,,C/1B/UTIL
118238-226928,1B/2B/SS/3B,Jack,Jack Winkler,Winkler,0.8857142584664481,7,2000,MIA@SF,MIA,SF,,,,,,C/1B/2B/3B/SS/UTIL
118238-222839,SS,Colt,Colt Emerson,Emerson,,0,2000,SEA@MIN,SEA,MIN,,,,,,SS/UTIL
118238-222838,SS,Jefferson,Jefferson Rojas,Rojas,,0,2000,CHC@STL,CHC,STL,,,,,,SS/UTIL
118238-222837,C,Moises,Moises Ballesteros,Ballesteros,7.019999694824219,5,2000,CHC@STL,CHC,STL,,,,,,C/1B/UTIL
118238-222836,SS,JJ,JJ Wetherholt,Wetherholt,,0,2000,CHC@STL,STL,CHC,,,,,,SS/UTIL
118238-222842,2B,Michael,Michael Arroyo,Arroyo,,0,2000,SEA@MIN,SEA,MIN,,,,,,2B/UTIL
118238-222841,OF,Lazaro,Lazaro Montes,Montes,,0,2000,SEA@MIN,SEA,MIN,,,,,,OF/UTIL
118238-222840,OF,Jonny,Jonny Farmelo,Farmelo,,0,2000,SEA@MIN,SEA,MIN,IL,Ribs,,,,OF/UTIL
118238-222847,OF,Justin,Justin Crawford,Crawford,,0,2000,PHI@HOU,PHI,HOU,,,,,,OF/UTIL
118238-222845,SS,Brice,Brice Matthews,Matthews,,0,2000,PHI@HOU,HOU,PHI,,,,,,SS/UTIL
118238-222851,C,Dominic,Dominic Keegan,Keegan,,0,2000,TB@KC,TB,KC,,,,,,C/1B/UTIL
118238-222850,3B,Brayden,Brayden Taylor,Taylor,,0,2000,TB@KC,TB,KC,,,,,,3B/UTIL
118238-222849,C,Eduardo,Eduardo Tait,Tait,,0,2000,PHI@HOU,PHI,HOU,,,,,,C/1B/UTIL
118238-222848,SS,Aidan,Aidan Miller,Miller,,0,2000,PHI@HOU,PHI,HOU,,,,,,SS/UTIL
118238-222853,1B,Tre',Tre' Morgan,Morgan,,0,2000,TB@KC,TB,KC,,,,,,C/1B/UTIL
118238-222852,OF,Theo,Theo Gillen,Gillen,,0,2000,TB@KC,TB,KC,,,,,,OF/UTIL
118238-165519,OF,Petey,Petey Halpin,Halpin,,0,2000,TOR@CLE,CLE,TOR,,,,,,OF/UTIL
118238-165516,C,Daniel,Daniel Vellojin,Vellojin,,0,2000,TB@KC,TB,KC,,,,,,C/1B/UTIL
118238-226979,OF,Will,Will Robertson,Robertson,4.166666666666667,3,2000,TOR@CLE,TOR,CLE,,,,,,OF/UTIL
118238-165539,SS,Jose,Jose Rodriguez,Rodriguez,0,2,2000,PHI@HOU,PHI,HOU,,,,,,SS/UTIL
118238-220839,2B,Cooper,Cooper Bowman,Bowman,,0,2000,ATH@DET,ATH,DET,IL,Undisclosed,,,,2B/UTIL
118238-165550,2B/3B/SS,Ryan,Ryan Kreidler,Kreidler,3.0588235294117645,17,2000,ATH@DET,DET,ATH,,,,,,2B/3B/SS/UTIL
118238-165548,SS,Cristian,Cristian Santana,Santana,,0,2000,ATH@DET,DET,ATH,,,,,,SS/UTIL
118238-165549,OF,Roberto,Roberto Campos,Campos,,0,2000,ATH@DET,DET,ATH,,,,,,OF/UTIL
118238-165554,SS,Trei,Trei Cruz,Cruz,,0,2000,ATH@DET,DET,ATH,,,,,,SS/UTIL
118238-165555,SS,Abel,Abel Bastidas,Bastidas,,0,2000,ATH@DET,DET,ATH,,,,,,SS/UTIL
118238-165552,3B,Izaac,Izaac Pacheco,Pacheco,,0,2000,ATH@DET,DET,ATH,,,,,,3B/UTIL
118238-220848,SS,Christian,Christian Cairo,Cairo,,0,2000,TOR@CLE,CLE,TOR,,,,,,SS/UTIL
118238-163510,SS/2B,Diego A.,Diego A. Castillo,Castillo,7.900000095367432,4,2000,TB@KC,KC,TB,,,,,,2B/SS/UTIL
118238-165558,OF,Tyler,Tyler Whitaker,Whitaker,,0,2000,PHI@HOU,HOU,PHI,,,,,,OF/UTIL
118238-222902,2B,Tyler,Tyler Tolbert,Tolbert,3.7874999046325684,16,2000,TB@KC,KC,TB,,,,,,2B/UTIL
118238-165556,3B,Gage,Gage Workman,Workman,2.3333333333333335,12,2000,ATH@DET,DET,ATH,,,,,,3B/UTIL
118238-165563,SS,Cristian,Cristian Gonzalez,Gonzalez,,0,2000,PHI@HOU,HOU,PHI,,,,,,SS/UTIL
118238-165567,3B/2B/OF,Shay,Shay Whitcomb,Whitcomb,0,7,2000,PHI@HOU,HOU,PHI,,,,,,2B/3B/OF/UTIL
118238-165565,2B,Peyton,Peyton Wilson,Wilson,,0,2000,TB@KC,KC,TB,,,,,,2B/UTIL
118238-202433,2B/OF,Jamie,Jamie Westbrook,Westbrook,4.490476335797991,21,2000,TB@KC,TB,KC,,,,,,2B/OF/UTIL
118238-165574,SS,Daniel,Daniel Vazquez,Vazquez,,0,2000,TB@KC,KC,TB,,,,,,SS/UTIL
118238-165579,C,Carter,Carter Jensen,Jensen,,0,2000,TB@KC,KC,TB,,,,,,C/1B/UTIL
118238-198359,3B,Deyvison,Deyvison De Los Santos,De Los Santos,0,2,2000,MIA@SF,MIA,SF,,,,,,3B/UTIL
118238-165597,SS,Kahlil,Kahlil Watson,Watson,,0,2000,TOR@CLE,CLE,TOR,,,,,,SS/UTIL
118238-165602,C,Joe,Joe Mack,Mack,,0,2000,MIA@SF,MIA,SF,,,,,,C/1B/UTIL
118238-165603,SS,Yiddi,Yiddi Cappe,Cappe,,0,2000,MIA@SF,MIA,SF,,,,,,SS/UTIL
118238-165601,SS,Jose,Jose Salas,Salas,,0,2000,SEA@MIN,MIN,SEA,,,,,,SS/UTIL
118238-165607,SS,Jordan,Jordan McCants,McCants,,0,2000,MIA@SF,MIA,SF,,,,,,SS/UTIL
118238-165608,2B,Cody,Cody Morissette,Morissette,,0,2000,MIA@SF,MIA,SF,,,,,,2B/UTIL
118238-165623,OF,Carlos,Carlos Cortes,Cortes,,0,2000,ATH@DET,ATH,DET,,,,,,OF/UTIL
118238-165626,OF,Emmanuel,Emmanuel Rodriguez,Rodriguez,0,1,2000,SEA@MIN,MIN,SEA,IL,Hip,,,,OF/UTIL
118238-165627,3B,Jaylen,Jaylen Palmer,Palmer,,0,2000,CHC@STL,CHC,STL,,,,,,3B/UTIL
118238-52995,C,Luke,Luke Maile,Maile,11.300000508626303,3,2000,TB@KC,KC,TB,,,,,,C/1B/UTIL
118238-165646,C,Rickardo,Rickardo Perez,Perez,,0,2000,PHI@HOU,PHI,HOU,,,,,,C/1B/UTIL
118238-165647,OF,Ethan,Ethan Wilson,Wilson,,0,2000,PHI@HOU,PHI,HOU,,,,,,OF/UTIL
118238-165644,OF,Pedro,Pedro Pineda,Pineda,,0,2000,ATH@DET,ATH,DET,,,,,,OF/UTIL
118238-165662,SS,Euribiel,Euribiel Angeles,Angeles,,0,2000,ATH@DET,ATH,DET,,,,,,SS/UTIL
118238-165672,C,Harry,Harry Ford,Ford,,0,2000,SEA@MIN,SEA,MIN,,,,,,C/1B/UTIL
118238-165679,3B,Milkar,Milkar Perez,Perez,,0,2000,SEA@MIN,SEA,MIN,,,,,,3B/UTIL
118238-165683,OF,Gabriel,Gabriel Gonzalez,Gonzalez,,0,2000,SEA@MIN,MIN,SEA,,,,,,OF/UTIL
118238-165681,3B,Starlin,Starlin Aguilar,Aguilar,,0,2000,SEA@MIN,SEA,MIN,,,,,,3B/UTIL
118238-165685,SS,Aeverson,Aeverson Arteaga,Arteaga,,0,2000,MIA@SF,SF,MIA,,,,,,SS/UTIL
118238-165690,C,Brett,Brett Auerbach,Auerbach,,0,2000,MIA@SF,SF,MIA,,,,,,C/1B/UTIL
118238-165688,C,Ricardo,Ricardo Genoves,Genoves,,0,2000,TB@KC,TB,KC,,,,,,C/1B/UTIL
118238-165692,OF,Joshua,Joshua Baez,Baez,,0,2000,CHC@STL,STL,CHC,,,,,,OF/UTIL
118238-165702,SS,Carson,Carson Williams,Williams,,0,2000,TB@KC,TB,KC,,,,,,SS/UTIL
118238-165700,SS,Carlos,Carlos Colmenares,Colmenares,,0,2000,TB@KC,TB,KC,,,,,,SS/UTIL
118238-163653,OF,Allan,Allan Cerda,Cerda,,0,2000,SEA@MIN,MIN,SEA,,,,,,OF/UTIL
118238-165704,2B,Cooper,Cooper Kinney,Kinney,,0,2000,TB@KC,TB,KC,,,,,,2B/UTIL
118238-165714,SS,Manuel,Manuel Beltre,Beltre,,0,2000,TOR@CLE,TOR,CLE,,,,,,SS/UTIL
118238-163667,OF/1B,Jhonkensy,Jhonkensy Noel,Noel,3.2152172586192256,46,2000,TOR@CLE,CLE,TOR,,,,,,C/1B/OF/UTIL
118238-165718,2B/OF,Samad,Samad Taylor,Taylor,1.5499999523162842,4,2000,SEA@MIN,SEA,MIN,,,,,,2B/OF/UTIL
118238-163669,C,Bryan,Bryan Lavastida,Lavastida,,0,2000,PHI@HOU,HOU,PHI,,,,,,C/1B/UTIL
118238-165724,OF,Dasan,Dasan Brown,Brown,,0,2000,TOR@CLE,TOR,CLE,,,,,,OF/UTIL
118238-180095,OF,Will,Will Brennan,Brennan,1.5,6,2000,TOR@CLE,CLE,TOR,IL,Elbow,,,,OF/UTIL
118238-102279,3B,Drew,Drew Ellis,Ellis,,0,2000,MIA@SF,SF,MIA,,,,,,3B/UTIL
118238-182167,1B,Matt,Matt Mervis,Mervis,6.523809523809524,42,2000,MIA@SF,MIA,SF,,,,,,C/1B/UTIL
118238-79776,C,Dom,Dom Nunez,Nunez,6.199999809265137,2,2000,TOR@CLE,CLE,TOR,,,,,,C/1B/UTIL
118238-202657,1B,Tyler,Tyler Locklear,Locklear,5.006249904632568,16,2000,SEA@MIN,SEA,MIN,,,,,,C/1B/UTIL
118238-102309,OF,Michael,Michael Siani,Siani,1.6210525914242393,19,2000,CHC@STL,STL,CHC,,,,,,OF/UTIL
118238-102313,OF,George,George Valera,Valera,0,3,2000,TOR@CLE,CLE,TOR,,,,,,OF/UTIL
118238-102337,OF,Seth,Seth Beer,Beer,,0,2000,PHI@HOU,PHI,HOU,,,,,,OF/UTIL
118238-102339,C,Diego,Diego Cartaya,Cartaya,0,2,2000,SEA@MIN,MIN,SEA,,,,,,C/1B/UTIL
118238-102352,C,Payton,Payton Henry,Henry,0,1,2000,PHI@HOU,PHI,HOU,,,,,,C/1B/UTIL
118238-102360,OF,Connor,Connor Scott,Scott,,0,2000,TB@KC,KC,TB,IL,Undisclosed,,,,OF/UTIL
118238-102384,SS,Jeremy,Jeremy Eierman,Eierman,,0,2000,ATH@DET,ATH,DET,,,,,,SS/UTIL